page_key,title,level,edition,level_2_area,file_path,url_path,description,link_phrases
dietrich_bonhoeffer,Modern Dietrich Bonhoeffers,1,main,,Dietrich_Bonhoeffer.mdx,/docs/dietrich-bonhoeffers/,"Roster of modern Dietrich Bonhoeffers — ethics-first journalists, researchers, and dissidents willing to publicly stand against a captured political system.",modern dietrich bonhoeffers
dietrich_bonhoeffer_criteria,Bonhoeffer Criteria (15 Standards),1,main,,Dietrich_Bonhoeffer_Criteria.mdx,/docs/bonhoeffer-criteria/,The 15-point standard for modern Dietrich Bonhoeffers — ethics-first leaders who speak publicly under pressure and refuse to be silenced by a captured system.,bonhoeffer criteria (15 standards)
politican_challengers,Politician Challengers Roster,1,main,,Politican_Challengers.mdx,/docs/politician-challengers/,"Politicians, candidates, and former officials who meet the Bonhoeffer Criteria — willing to publicly name what is wrong with a captured Washington.",politician challengers roster
about,About We The Citizens,1,main,,about.md,/docs/about/,"About We The Citizens — a lightweight, ethics-first political movement carrying forward Charlie Kirk's values in a structure built so it cannot be captured.",about we the citizens
board,We The Citizens Founding Board,1,main,,board.md,/docs/board/,"The proposed founding board of We The Citizens — 16 thought leaders, journalists, and elected officials Charlie Kirk trusted. Term-limited and charter-bound.",we the citizens founding board
intro,We The Citizens Charter,1,main,,intro.md,/docs/intro/,"The We The Citizens charter — a citizen-first, ethics-first political movement built on the seven principles Charlie Kirk wanted TPUSA to embody.",we the citizens charter
bonhoeffers_alicia_lapp,Alicia Lapp — Bonhoeffer Profile,3,main,Bonhoeffers,Bonhoeffers/Alicia_Lapp.mdx,/docs/bonhoeffers/alicia-lapp/,"Alicia Lapp — candidate for California Governor. Bonhoeffer Criteria scores and notes on her public stance, persistence, and willingness to name captured power.",alicia lapp — bonhoeffer profile
bonhoeffers_candace_owens,Candace Owens — Bonhoeffer Profile,3,main,Bonhoeffers,Bonhoeffers/Candace_Owens.mdx,/docs/bonhoeffers/candace-owens/,"Candace Owens — independent media commentator, formerly at TPUSA, PragerU, and The Daily Wire. Bonhoeffer Criteria scores and notes.",candace owens — bonhoeffer profile
bonhoeffers_dan_bilzerian,Dan Bilzerian — Bonhoeffer Profile,3,main,Bonhoeffers,Bonhoeffers/Dan_Bilzerian.mdx,/docs/bonhoeffers/dan-bilzerian/,Dan Bilzerian — congressional candidate and founder of Ignite International Brands; high-profile social media personality. Bonhoeffer Criteria scores and notes.,dan bilzerian — bonhoeffer profile
bonhoeffers_darryl_cooper,Darryl Cooper — Bonhoeffer Profile,3,main,Bonhoeffers,Bonhoeffers/Darryl_Cooper.mdx,/docs/bonhoeffers/darryl-cooper/,"Darryl Cooper — independent historian and podcaster, host of the MartyrMade podcast. Known for long-form historical analysis. Bonhoeffer Criteria scores and notes.",darryl cooper — bonhoeffer profile
bonhoeffers_elijah_schaffer,Elijah Schaffer — Bonhoeffer Profile,3,main,Bonhoeffers,Bonhoeffers/Elijah_Schaffer.mdx,/docs/bonhoeffers/elijah-schaffer/,"Elijah Schaffer — independent commentator and host, formerly with The Blaze. America First-aligned with ~850K followers on X. Bonhoeffer Criteria scores and notes.",elijah schaffer — bonhoeffer profile
bonhoeffers_ginny_robinson,Ginny Robinson — Bonhoeffer Profile,3,main,Bonhoeffers,Bonhoeffers/Ginny_Robinson.mdx,/docs/bonhoeffers/ginny-robinson/,"Ginny Robinson — political commentator. Bonhoeffer Criteria scores and notes on her public stance, persistence, and willingness to name captured power.",ginny robinson — bonhoeffer profile
bonhoeffers_glenn_greenwald,Glenn Greenwald — Bonhoeffer Profile,3,main,Bonhoeffers,Bonhoeffers/Glenn_Greenwald.mdx,/docs/bonhoeffers/glenn-greenwald/,"Glenn Greenwald — Pulitzer Prize-winning journalist, co-founder of The Intercept, lead reporter on the Snowden disclosures. Bonhoeffer Criteria scores and notes.",glenn greenwald — bonhoeffer profile
bonhoeffers_irlandarra,Irlandarra — Bonhoeffer Profile,3,main,Bonhoeffers,Bonhoeffers/Irlandarra.mdx,/docs/bonhoeffers/irlandarra/,Irlandarra — independent commentator covering the Charlie Kirk assassination and US foreign policy debates. Bonhoeffer Criteria scores and notes.,irlandarra — bonhoeffer profile
bonhoeffers_jackson_hinkle,Jackson Hinkle — Bonhoeffer Profile,3,main,Bonhoeffers,Bonhoeffers/Jackson_Hinkle.mdx,/docs/bonhoeffers/jackson-hinkle/,Jackson Hinkle — independent geopolitical commentator with ~3.9M followers on X. Sustained public commentary on US foreign policy. Bonhoeffer Criteria scores and notes.,jackson hinkle — bonhoeffer profile
bonhoeffers_jake_shields,Jake Shields — Bonhoeffer Profile,3,main,Bonhoeffers,Bonhoeffers/Jake_Shields.mdx,/docs/bonhoeffers/jake-shields/,Jake Shields — former MMA welterweight champion (Strikeforce) and independent political commentator with ~920K followers on X. Bonhoeffer Criteria scores and notes.,jake shields — bonhoeffer profile
bonhoeffers_joe_kent,Joe Kent — Bonhoeffer Profile,3,main,Bonhoeffers,Bonhoeffers/Joe_Kent.mdx,/docs/bonhoeffers/joe-kent/,Joe Kent — former US Army Green Beret and CIA paramilitary officer; congressional candidate for Washington's 3rd district. Bonhoeffer Criteria scores and notes.,joe kent — bonhoeffer profile
bonhoeffers_lucas_gage,Lucas Gage — Bonhoeffer Profile,3,main,Bonhoeffers,Bonhoeffers/Lucas_Gage.mdx,/docs/bonhoeffers/lucas-gage/,Lucas Gage — independent commentator with ~330K followers on X. Bonhoeffer Criteria scores and notes on his public stance and persistence under pressure.,lucas gage — bonhoeffer profile
bonhoeffers_michael_tracey,Michael Tracey — Bonhoeffer Profile,3,main,Bonhoeffers,Bonhoeffers/Michael_Tracey.mdx,/docs/bonhoeffers/michael-tracey/,Michael Tracey — independent journalist with ~350K followers on X. On-the-ground reporting and foreign-policy critiques. Bonhoeffer Criteria scores and notes.,michael tracey — bonhoeffer profile
bonhoeffers_mike_adams,Mike Adams — Bonhoeffer Profile,3,main,Bonhoeffers,Bonhoeffers/Mike_Adams.mdx,/docs/bonhoeffers/mike-adams/,Mike Adams (Health Ranger) — founder of Natural News and Brighteon; daily podcaster and independent media commentator. Bonhoeffer Criteria scores and notes.,mike adams — bonhoeffer profile
bonhoeffers_nathan_mccormack,Nathan McCormack — Bonhoeffer Profile,3,main,Bonhoeffers,Bonhoeffers/Nathan_McCormack.mdx,/docs/bonhoeffers/nathan-mccormack/,"Colonel Nathan McCormack — US Army officer and former Levant/Egypt branch chief at the Joint Staff J5, removed after social-media posts criticizing Israel and US foreign policy. Bonhoeffer Criteria scores and notes.",nathan mccormack — bonhoeffer profile
bonhoeffers_phantom_pain,Phantom Pain — Bonhoeffer Profile,3,main,Bonhoeffers,Bonhoeffers/Phantom_Pain.mdx,/docs/bonhoeffers/phantom-pain/,"Phantom Pain — independent investigator and commentator. Analytical, video-supported threads on political topics. Bonhoeffer Criteria scores and notes.",phantom pain — bonhoeffer profile
bonhoeffers_robby_starbuck,Robby Starbuck — Bonhoeffer Profile,3,main,Bonhoeffers,Bonhoeffers/Robby_Starbuck.mdx,/docs/bonhoeffers/robby-starbuck/,"Robby Starbuck — Cuban-American filmmaker, anti-DEI activist, and former Tennessee 5th district congressional candidate. Bonhoeffer Criteria scores and notes.",robby starbuck — bonhoeffer profile
bonhoeffers_ryan_dawson,Ryan Dawson — Bonhoeffer Profile,3,main,Bonhoeffers,Bonhoeffers/Ryan_Dawson.mdx,/docs/bonhoeffers/ryan-dawson/,"Ryan Dawson — independent geopolitical analyst and documentary filmmaker (~325K on X). Long-form, source-cited analysis. Bonhoeffer Criteria scores and notes.",ryan dawson — bonhoeffer profile
bonhoeffers_ryan_matta,Ryan Matta — Bonhoeffer Profile,3,main,Bonhoeffers,Bonhoeffers/Ryan_Matta.mdx,/docs/bonhoeffers/ryan-matta/,Ryan Matta — independent commentator with ~440K followers on X. America First-style original videos and documentaries. Bonhoeffer Criteria scores and notes.,ryan matta — bonhoeffer profile
bonhoeffers_sam_parker,Sam Parker — Bonhoeffer Profile,3,main,Bonhoeffers,Bonhoeffers/Sam_Parker.mdx,/docs/bonhoeffers/sam-parker/,Sam Parker — political commentator and candidate. Bonhoeffer Criteria scores and notes on his public stance and persistence.,sam parker — bonhoeffer profile
bonhoeffers_stew_peters,Stew Peters — Bonhoeffer Profile,3,main,Bonhoeffers,Bonhoeffers/Stew_Peters.mdx,/docs/bonhoeffers/stew-peters/,Stew Peters — independent broadcaster and host of The Stew Peters Show (~923K on X). Daily broadcast and documentary content. Bonhoeffer Criteria scores and notes.,stew peters — bonhoeffer profile
bonhoeffers_sword_truth,Sword Truth — Bonhoeffer Profile,3,main,Bonhoeffers,Bonhoeffers/Sword_Truth.mdx,/docs/bonhoeffers/sword-truth/,Sword Truth — independent investigative-style commentator and podcaster. America First-style content. Bonhoeffer Criteria scores and notes.,sword truth — bonhoeffer profile
bonhoeffers_tucker_carlson,Tucker Carlson — Bonhoeffer Profile,3,main,Bonhoeffers,Bonhoeffers/Tucker_Carlson.mdx,/docs/bonhoeffers/tucker-carlson/,Tucker Carlson — independent journalist and founder of Tucker Carlson Network. Former Fox News primetime host. Bonhoeffer Criteria scores and notes.,tucker carlson — bonhoeffer profile
bonhoeffers_zach_lahn,Zach Lahn — Bonhoeffer Profile,3,main,Bonhoeffers,Bonhoeffers/Zach_Lahn.mdx,/docs/bonhoeffers/zach-lahn/,Zach Lahn — 2026 Republican nominee for Iowa Governor. Bonhoeffer Criteria scores and notes on his primary win over a Trump-endorsed candidate.,zach lahn — bonhoeffer profile
ai_overview,AI,2,main,ai,ai/overview.mdx,/docs/ai/overview/,"What the AI is allowed to do, what it may never decide, and the hard rules the build itself enforces.",the ai assistant
ai_our_hard_rules,Our hard rules,3,main,ai,ai/our_hard_rules.mdx,/docs/ai/our_hard_rules/,"Rules the codebase enforces on itself, including one that fails the build.",our hard rules
ai_what_the_ai_does,What the AI does,3,main,ai,ai/what_the_ai_does.mdx,/docs/ai/what_the_ai_does/,"Four jobs: checking reasoning, reading long-form material against rubrics, applying your values, and summarising a month.",what the ai does
ai_what_the_ai_never_decides,What the AI never decides,3,main,ai,ai/what_the_ai_never_decides.mdx,/docs/ai/what_the_ai_never_decides/,The boundary: where a model's output stops and a human decision starts.,what the ai never decides
american_ethics_overview,Great American Ethics,2,main,american_ethics,american_ethics/overview.mdx,/docs/american_ethics/overview/,"When a hijacked Congress acts, the damage is not only to the law — it is to the ethics of the citizens living under it.",great american ethics; american ethical standard
american_ethics_how_a_hijacked_congress_damages_it,How a hijacked Congress damages it,3,main,american_ethics,american_ethics/how_a_hijacked_congress_damages_it.mdx,/docs/american_ethics/how_a_hijacked_congress_damages_it/,"Three documented practices, each individually survivable, that together teach a country a rule about who the rules are for.",how a hijacked congress damages it
american_ethics_restoring_it,Restoring it,3,main,american_ethics,american_ethics/restoring_it.mdx,/docs/american_ethics/restoring_it/,Changing who occupies the seats is necessary and not sufficient — restoring the standard is what all the machinery on this site is for.,
american_ethics_the_standard,The standard,3,main,american_ethics,american_ethics/the_standard.mdx,/docs/american_ethics/the_standard/,"The American ethical standard is not a mood — it is written down in three places, and where those three disagree is itself the finding.",
challengers_overview,Challenger Profiles — Overview,2,main,challengers,challengers/overview.mdx,/docs/challengers/overview/,"Individual deep-dive profiles on political challengers and Bonhoeffer candidates — journalists, commentators, and public figures with the reach and will to name what is wrong.",
challengers_ana_kasparian,Ana Kasparian — Challenger Profile,3,main,challengers,challengers/Ana_Kasparian.mdx,/docs/challengers/ana-kasparian/,"Ana Kasparian — journalist, TYT co-host, and outspoken critic of Israel's influence on US politics. Bonhoeffer Criteria scores and background.",ana kasparian — challenger profile
communities_overview,Communities,2,main,communities,communities/overview.mdx,/docs/communities/overview/,"Where the work happens together: communities, the areas inside them, and the citizens doing the work.",
communities_areas,Areas,3,main,communities,communities/areas.mdx,/docs/communities/areas/,"The middle layer, why aggregation happens here, and the cursor that keeps switching cheap.",
communities_join_or_start_one,Join or start one,3,main,communities,communities/join_or_start_one.mdx,/docs/communities/join_or_start_one/,"Joining an existing community, starting your own, and what it takes to steward one well.",join or start one
communities_what_is_a_community,What is a community,3,main,communities,communities/what_is_a_community.mdx,/docs/communities/what_is_a_community/,"The model, the access rules, and what a community is deliberately not.",what is a community; a community
congress_for_citizens_overview,Congress Working For Citizens,2,main,congress_for_citizens,congress_for_citizens/overview.mdx,/docs/congress_for_citizens/overview/,"The one test every other area serves: is Congress working for US citizens, or has control over it been hijacked.",congress working for citizens; hijacked control; captured congress
congress_for_citizens_expose_the_hijack,Exposing the hijack,3,main,congress_for_citizens,congress_for_citizens/expose_the_hijack.mdx,/docs/congress_for_citizens/expose_the_hijack/,"Proof nobody can read changes nothing. What publishing a finding requires, and the standard it has to survive.",exposing the hijack
congress_for_citizens_intelligence_service_capture,Intelligence service capture,3,main,congress_for_citizens,congress_for_citizens/intelligence_service_capture.mdx,/docs/congress_for_citizens/intelligence_service_capture/,When the party that controls the information a vote depends on is itself a party to the vote.,intelligence service capture
congress_for_citizens_money_in_politics,Money in politics,3,main,congress_for_citizens,congress_for_citizens/money_in_politics.mdx,/docs/congress_for_citizens/money_in_politics/,The most documented route by which control over Congress gets bought — and the test that separates a donation from a purchase.,money in politics; campaign contributions; citizens united; leadership pacs
congress_for_citizens_remove_the_hijack,Removing the hijack,3,main,congress_for_citizens,congress_for_citizens/remove_the_hijack.mdx,/docs/congress_for_citizens/remove_the_hijack/,Removal happens at the ballot box and nowhere else — and the work that has to be finished before the primary.,removing the hijack
congress_for_citizens_the_globalist_deep_state,A globalist deep state,3,main,congress_for_citizens,congress_for_citizens/the_globalist_deep_state.mdx,/docs/congress_for_citizens/the_globalist_deep_state/,"Permanent, unelected decision-making power that survives every election voters were told would change it.",globalist deep state; global elites
decisions_overview,Decisions,2,main,decisions,decisions/overview.mdx,/docs/decisions/overview/,"Pillar 1: you record where you stand, the platform runs the comparison, and communities can pool the result.",
decisions_community_consensus,Community consensus,3,main,decisions,decisions/community_consensus.mdx,/docs/decisions/community_consensus/,"How individual decisions pool into a community position, and why the delta is shown.",community consensus
decisions_record_a_position,Record a position,3,main,decisions,decisions/record_a_position.mdx,/docs/decisions/record_a_position/,"The anatomy of a decision, and why confidence is recorded alongside the position.",record a position; record where you stand
decisions_run_the_comparison,Run the comparison,3,main,decisions,decisions/run_the_comparison.mdx,/docs/decisions/run_the_comparison/,"Layered context assembly, the first-principles constraint, and what the output actually says.",run the comparison
deep_state_overview,Exposing the Deep State,2,main,deep_state,deep_state/overview.mdx,/docs/deep_state/overview/,"Documented in public, sourced at the door, never asserted without a record.",exposing the deep state; the deep state; epstein class
deep_state_the_documented_crimes,The documented crimes,3,main,deep_state,deep_state/the_documented_crimes.mdx,/docs/deep_state/the_documented_crimes/,"Each item is a file, not a claim: what is alleged, who alleges it, which proceeding it came from, and what is still missing.",documented crimes
deep_state_the_withheld_files,The withheld files,3,main,deep_state,deep_state/the_withheld_files.mdx,/docs/deep_state/the_withheld_files/,A gap that only ever runs in one direction is evidence about who controls the gap — three long-running examples with the same shape.,withheld files; the epstein files; jfk assassination records
deep_state_who_the_deep_state_is,Who the deep state is,3,main,deep_state,deep_state/who_the_deep_state_is.mdx,/docs/deep_state/who_the_deep_state_is/,"Three terms used loosely everywhere else, given definitions here that can fail — and the rule about who gets named.",who the deep state is
election_integrity_overview,Election Integrity,2,main,election_integrity,election_integrity/overview.mdx,/docs/election_integrity/overview/,"An election either produces a result every side can check for itself, or it does not count.",election integrity
election_integrity_audits_and_open_gaps,Audits and open gaps,3,main,election_integrity,election_integrity/audits_and_open_gaps.mdx,/docs/election_integrity/audits_and_open_gaps/,An audit that happens only when somebody complains is a political event. One that always happens is a control.,audits and open gaps; routine audits; open gaps
election_integrity_open_source_voting_tech,Open-source voting technology,3,main,election_integrity,election_integrity/open_source_voting_tech.mdx,/docs/election_integrity/open_source_voting_tech/,Move the guarantee out of the promise and into the technology — the code that counts votes should be readable by the side that loses.,open-source voting technology; open source voting
election_integrity_reproduce_the_result,Reproduce the result,3,main,election_integrity,election_integrity/reproduce_the_result.mdx,/docs/election_integrity/reproduce_the_result/,"The guarantee test, stated so it can fail: an outside team, using only the public record, reproduces the official result.",reproduce the result; reproduce the official result
evidence_overview,Evidence,2,main,evidence,evidence/overview.mdx,/docs/evidence/overview/,Pillar 4: deciding when a few links are missing on purpose.,
evidence_chain_of_evidence,Chain of evidence,3,main,evidence,evidence/chain_of_evidence.mdx,/docs/evidence/chain_of_evidence/,"Links, strength, sources, and the case that holds them together.",chain of evidence; evidence chain
evidence_naming_the_gaps,Naming the gaps,3,main,evidence,evidence/naming_the_gaps.mdx,/docs/evidence/naming_the_gaps/,"The four reasons a link is missing, and why collapsing them would give the game away.",naming the gaps; named gap; open gap
evidence_your_confidence_threshold,Your confidence threshold,3,main,evidence,evidence/your_confidence_threshold.mdx,/docs/evidence/your_confidence_threshold/,"Deciding in advance what would be enough, and why stating it beats discovering it.",your confidence threshold; confidence threshold
features_overview,Product Features,2,main,features,features/overview.mdx,/docs/features/overview/,Placeholder.,
fix_laws_overview,Fixing the Law,2,main,fix_laws,fix_laws/overview.mdx,/docs/fix_laws/overview/,Pillar 2 in practice: how a problem citizens named becomes real legislative language somebody could file tomorrow.,fixing the law
fix_laws_from_problem_to_bill,From problem to bill,3,main,fix_laws,fix_laws/from_problem_to_bill.mdx,/docs/fix_laws/from_problem_to_bill/,The path a citizen complaint takes to become drafted legislative language.,from problem to bill
fix_laws_propose_a_fix,Propose a fix,3,main,fix_laws,fix_laws/propose_a_fix.mdx,/docs/fix_laws/propose_a_fix/,How a citizen proposes new legislative language or critiques a published draft.,propose a fix
fix_laws_the_coverage_matrix,The coverage matrix,3,main,fix_laws,fix_laws/the_coverage_matrix.mdx,/docs/fix_laws/the_coverage_matrix/,"The grid that shows exactly which root causes a draft closes, and which it does not.",coverage matrix
flamingo_overview,The Flamingo Award,2,main,flamingo,flamingo/overview.mdx,/docs/flamingo/overview/,"Everything outside the voting record, and the only award with a state that means we have not looked yet.",flamingo award
flamingo_not_assessed_is_not_a_verdict,Not assessed is not a verdict,3,main,flamingo,flamingo/not_assessed_is_not_a_verdict.mdx,/docs/flamingo/not_assessed_is_not_a_verdict/,"The gray-brown state, the percent-known companion, and the defamation posture that binds every rendering.",not assessed is not a verdict
flamingo_the_three_states,The three states,3,main,flamingo,flamingo/the_three_states.mdx,/docs/flamingo/the_three_states/,"Earned, not earned, and unknown - what each one is, and why two of them are different facts.",three states
flamingo_what_feeds_it,What feeds it,3,main,flamingo,flamingo/what_feeds_it.mdx,/docs/flamingo/what_feeds_it/,"The material behind a Flamingo, the per-area drill-in, and the path down to a single transcript.",what feeds it
foreign_intelligence_overview,Foreign Intelligence,2,main,foreign_intelligence,foreign_intelligence/overview.mdx,/docs/foreign_intelligence/overview/,"No foreign service gets to be puppet master over American politics — prevent it, and where it already happened, expose it.",foreign intelligence; a foreign service
foreign_intelligence_paid_influence_operations,Paid influence operations,3,main,foreign_intelligence,foreign_intelligence/paid_influence_operations.mdx,/docs/foreign_intelligence/paid_influence_operations/,"The cheapest operation is not a break-in, it is a payroll — and the defence against it is a verified mesh, not censorship.",paid influence operations; paid influencers; propagandists
foreign_intelligence_puppet_master_over_politics,Puppet master over politics,3,main,foreign_intelligence,foreign_intelligence/puppet_master_over_politics.mdx,/docs/foreign_intelligence/puppet_master_over_politics/,"The same test used everywhere on this site, applied to a foreign state: control the inputs and you are a party to the decision.",puppet master over politics
foreign_intelligence_removing_democracy_from_outside,Removing democracy from the outside,3,main,foreign_intelligence,foreign_intelligence/removing_democracy_from_outside.mdx,/docs/foreign_intelligence/removing_democracy_from_outside/,"Narrative control, leverage over officeholders, and access to classified systems — the three routes, none of them exotic.",removing democracy from the outside; narrative control
four_doors_overview,"One App, Four Doors",2,main,four_doors,four_doors/overview.mdx,/docs/four_doors/overview/,"How this non-partisan site relates to the four party doors — one app, one record, five front doors.","one app, four doors; four party doors; the four party front doors"
four_doors_find_your_door,Find your door,3,main,four_doors,four_doors/find_your_door.mdx,/docs/four_doors/find_your_door/,"Three situations, three answers — and none of them require picking a side you do not have.",find your door
four_doors_one_app_four_doors,"One app, four doors",3,main,four_doors,four_doors/one_app_four_doors.mdx,/docs/four_doors/one_app_four_doors/,"Five addresses, one piece of software, one record — and one award pipeline computed party-blind so no door can flatter its own audience.","one app, four doors"
four_doors_what_only_lives_on_a_party_door,What only lives on a party door,3,main,four_doors,four_doors/what_only_lives_on_a_party_door.mdx,/docs/four_doors/what_only_lives_on_a_party_door/,"The `.io` door is narrower on purpose. Here is the actual list of what exists only on the four .com doors, and why each one does.",what only lives on a party door
get_started_overview,Get Started,2,main,get_started,get_started/overview.mdx,/docs/get_started/overview/,"Running We The Citizens: hosted, or local-first on your own computer.",
get_started_first_run,First run,3,main,get_started,get_started/first_run.mdx,/docs/get_started/first_run/,"Mode selection, the data repo gate, and the rule that came out of getting the gate wrong.",
get_started_run_it_on_your_computer,Run it on your computer,3,main,get_started,get_started/run_it_on_your_computer.mdx,/docs/get_started/run_it_on_your_computer/,"The local-first path, the CLI, the MCP server, and why local is the default.",run it on your computer; run it on your own machine; runs on your own computer; local-first
get_started_use_it_hosted,Use it hosted,3,main,get_started,get_started/use_it_hosted.mdx,/docs/get_started/use_it_hosted/,"The two-minute path: no install, read first, sign up only when you want to write.",use it hosted; the hosted copy
good_bills_overview,Fix Bills,2,main,good_bills,good_bills/overview.mdx,/docs/good_bills/overview/,"Language the movement wrote that nobody has filed — real bills, with real sections, waiting for a sponsor.",fix bills; fix bill
good_bills_sponsor_or_critique_one,Sponsor or critique one,3,main,good_bills,good_bills/sponsor_or_critique_one.mdx,/docs/good_bills/sponsor_or_critique_one/,"What to do with a fix bill if you are a legislator, a staffer, or a citizen who thinks it is wrong.",sponsor or critique one
good_bills_the_disclosure_package,The disclosure package,3,main,good_bills,good_bills/the_disclosure_package.mdx,/docs/good_bills/the_disclosure_package/,"Four bills, each enforceable alone, that only close the argument when read together.",disclosure package
good_bills_what_a_fix_bill_is,What a fix bill is,3,main,good_bills,good_bills/what_a_fix_bill_is.mdx,/docs/good_bills/what_a_fix_bill_is/,"The vocabulary: enacted law, filed bill, and language nobody filed are three different things.",what a fix bill is
good_laws_overview,Good Laws,2,main,good_laws,good_laws/overview.mdx,/docs/good_laws/overview/,"Laws and bills that would repair democracy — the ones that passed, the ones voted down, and the ones never allowed a vote at all.",good laws
good_laws_passed_blocked_or_buried,"Passed, blocked, or buried",3,main,good_laws,good_laws/passed_blocked_or_buried.mdx,/docs/good_laws/passed_blocked_or_buried/,Why a bill that never got a vote is the most important record in this library.,"passed, blocked, or buried"
good_laws_the_admission_tests,The admission tests,3,main,good_laws,good_laws/the_admission_tests.mdx,/docs/good_laws/the_admission_tests/,"The eight tests a law has to pass to enter the Good Law List, and why the bar is deliberately high.",admission tests
good_laws_who_blocked_it,Who blocked it,3,main,good_laws,good_laws/who_blocked_it.mdx,/docs/good_laws/who_blocked_it/,"How the movement records that a named person stopped a bill, and the sourcing discipline that governs it.",who blocked it; record of obstruction
how_it_works_overview,How It Works,2,main,how_it_works,how_it_works/overview.mdx,/docs/how_it_works/overview/,"The core loop end to end: record a position, reason it out, decide, and optionally publish the fix.",
how_it_works_a_worked_example,A worked example,3,main,how_it_works,how_it_works/a_worked_example.mdx,/docs/how_it_works/a_worked_example/,"One question, followed from the first click to a published fix.",worked example
how_it_works_individual_vs_community_mode,Individual vs community mode,3,main,how_it_works,how_it_works/individual_vs_community_mode.mdx,/docs/how_it_works/individual_vs_community_mode/,"What changes between running alone and pooling with others, and what stays the same.",individual vs community mode; individual mode; community mode; two modes
how_it_works_the_core_loop,The core loop,3,main,how_it_works,how_it_works/the_core_loop.mdx,/docs/how_it_works/the_core_loop/,"The six steps in detail, and what the app is doing underneath each one.",core loop; the core loop
internal_bad_laws_overview,Bad Laws — Overview,2,main,internal,internal/bad_laws/overview.mdx,/docs/internal/bad-laws/overview/,"A catalog of laws used to identify politicians who voted YES on legislation that harms citizen rights — civil liberties, due process, privacy, and free speech.",bad laws
internal_overview,Internal Research Overview,2,main,internal,internal/overview.mdx,/docs/internal/overview/,Internal research tools and reference pages for We The Citizens organizers.,internal research overview
internal_state_bad_laws_overview,State Bad Laws — Overview,2,main,internal,internal/state_bad_laws/overview.mdx,/docs/internal/state-bad-laws/overview/,"A catalog of state-level laws used to screen state legislators who voted to restrict civil liberties, free speech, assembly, and privacy.",state bad laws
internal_anti_boycott_israel,Anti-Boycott Israel Laws,3,main,internal,internal/anti_boycott_israel.mdx,/docs/internal/anti-boycott-israel/,"State and federal laws that penalize American citizens for participating in BDS — Boycott, Divestment, and Sanctions activity against Israel.",anti-boycott israel laws
internal_bad_laws,Bad Laws,3,main,internal,internal/bad_laws.mdx,/docs/internal/bad-laws/,A list of bad laws used to identify politicians who voted YES on legislation that harms citizen rights.,bad laws
internal_bad_laws_ai_algorithmic_monitoring,Federal AI and Algorithmic Monitoring Programs (2020s–ongoing),3,main,internal,internal/bad_laws/ai_algorithmic_monitoring.mdx,/docs/internal/bad-laws/ai-algorithmic-monitoring/,"Federal agencies are deploying AI and algorithmic tools to monitor citizens, make benefit decisions, screen social media, and assess ""threat levels"" — operating without specific statutory authority, no meaningful accountability, and documented racial and demographic bias.",federal ai and algorithmic monitoring programs (2020s–ongoing)
internal_bad_laws_anti_money_laundering_act,Anti-Money Laundering Act of 2020,3,main,internal,internal/bad_laws/anti_money_laundering_act.mdx,/docs/internal/bad-laws/anti-money-laundering-act/,The Anti-Money Laundering Act of 2020 is the most significant overhaul of Bank Secrecy Act powers since the PATRIOT Act — critics say it expands government financial surveillance and imposes new reporting burdens on small businesses.,anti-money laundering act of 2020
internal_bad_laws_antisemitism_awareness_act,Antisemitism Awareness Act (2024),3,main,internal,internal/bad_laws/antisemitism_awareness_act.mdx,/docs/internal/bad-laws/antisemitism-awareness-act/,The Antisemitism Awareness Act (passed House 2024) adopts the IHRA definition of antisemitism for federal Title VI enforcement on campuses — critics argue it conflates criticism of Israeli government policy with hate speech and chills protected speech.,antisemitism awareness act (2024)
internal_bad_laws_bank_secrecy_act,Bank Secrecy Act and Financial Reporting Expansions (1970–ongoing),3,main,internal,internal/bad_laws/bank_secrecy_act.mdx,/docs/internal/bad-laws/bank-secrecy-act/,The Bank Secrecy Act (1970) requires financial institutions to report large and suspicious transactions to FinCEN — expanded repeatedly; critics say banks now function as warrantless government surveillance agents filing 26 million reports per year with minimal crime prevention results.,bank secrecy act and financial reporting expansions (1970–ongoing)
internal_bad_laws_bipartisan_safer_communities_act,Bipartisan Safer Communities Act,3,main,internal,internal/bad_laws/bipartisan_safer_communities_act.mdx,/docs/internal/bad-laws/bipartisan-safer-communities-act/,The Bipartisan Safer Communities Act (2022) expands gun background checks and incentivizes state red-flag laws that allow firearm removal without a prior hearing.,bipartisan safer communities act
internal_bad_laws_case_act,"CASE Act (Copyright Alternative in Small-Claims Enforcement Act, 2020)",3,main,internal,internal/bad_laws/case_act.mdx,/docs/internal/bad-laws/case-act/,"The CASE Act (2020) created an out-of-court copyright tribunal that can impose fines up to $30,000 — critics say it empowers copyright trolls to extract money from ordinary internet users who share memes, quotes, or photos without realizing they could be liable.","case act (copyright alternative in small-claims enforcement act, 2020)"
internal_bad_laws_cbp_device_searches,CBP Warrantless Electronic Device Searches at the Border,3,main,internal,internal/bad_laws/cbp_device_searches.mdx,/docs/internal/bad-laws/cbp-device-searches/,"US Customs and Border Protection searches phones and laptops at the border without warrants, without suspicion, and without court authorization — searches have quadrupled since 2015 and now exceed 55,000 per year.",cbp warrantless electronic device searches at the border
internal_bad_laws_cisa_2015,Cybersecurity Information Sharing Act (CISA) 2015,3,main,internal,internal/bad_laws/cisa_2015.mdx,/docs/internal/bad-laws/cisa-2015/,The Cybersecurity Information Sharing Act (2015) allows private companies to share user data with the government without warrants under the banner of cybersecurity — enabling mass surveillance.,cybersecurity information sharing act (cisa) 2015
internal_bad_laws_cloud_act,Clarifying Lawful Overseas Use of Data (CLOUD) Act 2018,3,main,internal,internal/bad_laws/cloud_act.mdx,/docs/internal/bad-laws/cloud-act/,The CLOUD Act (2018) lets US law enforcement demand data stored abroad without going through foreign legal processes — critics say it undermines privacy protections and international data sovereignty.,clarifying lawful overseas use of data (cloud) act 2018
internal_bad_laws_corporate_transparency_act,Corporate Transparency Act,3,main,internal,internal/bad_laws/corporate_transparency_act.mdx,/docs/internal/bad-laws/corporate-transparency-act/,The Corporate Transparency Act (2021) requires most US companies to report beneficial owners to a federal FinCEN database — critics call it invasive government surveillance of private business ownership.,corporate transparency act
internal_bad_laws_countering_foreign_propaganda_act,Countering Foreign Propaganda and Disinformation Act (2016),3,main,internal,internal/bad_laws/countering_foreign_propaganda_act.mdx,/docs/internal/bad-laws/countering-foreign-propaganda-act/,The Countering Foreign Propaganda and Disinformation Act (2016) created the Global Engagement Center — critics say this censorship apparatus was turned against domestic American journalists and speech platforms under the guise of fighting foreign disinformation.,countering foreign propaganda and disinformation act (2016)
internal_bad_laws_covid_hate_crimes_act,COVID-19 Hate Crimes Act (2021),3,main,internal,internal/bad_laws/covid_hate_crimes_act.mdx,/docs/internal/bad-laws/covid-hate-crimes-act/,"The COVID-19 Hate Crimes Act (2021) expanded federal hate crime resources and online reporting — critics say it federalizes the definition of ""hate incidents"" beyond actual crimes and creates infrastructure for government monitoring of protected speech.",covid-19 hate crimes act (2021)
internal_bad_laws_faa_drone_remote_id,FAA Remote ID Rule — Government Drone Tracking Mandate,3,main,internal,internal/bad_laws/faa_drone_remote_id.mdx,/docs/internal/bad-laws/faa-drone-remote-id/,"The FAA's Remote ID rule (implemented 2023, from FAA Reauthorization Act 2018) requires all drones to continuously broadcast their location and the operator's location — effectively a digital license plate that lets law enforcement and the public track anyone flying a drone.",faa remote id rule — government drone tracking mandate
internal_bad_laws_fcc_privacy_repeal,S.J.Res. 34 — FCC Broadband Privacy Rules Repeal (2017),3,main,internal,internal/bad_laws/fcc_privacy_repeal.mdx,/docs/internal/bad-laws/fcc-privacy-repeal/,"S.J.Res. 34 (2017) repealed FCC rules that required internet service providers to get your consent before selling your browsing history — Congress voted to let Comcast, AT&T, and Verizon sell your private internet habits to anyone willing to pay.",s.j.res. 34 — fcc broadband privacy rules repeal (2017)
internal_bad_laws_federal_data_broker_purchases,Federal Data Broker Purchase Authorities (Ongoing),3,main,internal,internal/bad_laws/federal_data_broker_purchases.mdx,/docs/internal/bad-laws/federal-data-broker-purchases/,"Federal agencies including DHS, FBI, ICE, IRS, and the Secret Service purchase Americans' location data, browsing history, and personal information from commercial data brokers without warrants — critics call it a Fourth Amendment end-run.",federal data broker purchase authorities (ongoing)
internal_bad_laws_federal_social_media_monitoring,Federal Social Media Monitoring Programs (2010s–ongoing),3,main,internal,internal/bad_laws/federal_social_media_monitoring.mdx,/docs/internal/bad-laws/federal-social-media-monitoring/,"DHS, FBI, and other agencies operate programs to monitor Americans' social media activity under homeland security authorities — critics say these programs chill free speech and political dissent with no demonstrated security benefit.",federal social media monitoring programs (2010s–ongoing)
internal_bad_laws_fisa_section_702,FISA Section 702 Reauthorizations,3,main,internal,internal/bad_laws/fisa_section_702.mdx,/docs/internal/bad-laws/fisa-section-702/,FISA Section 702 permits warrantless surveillance of foreign targets with incidental collection of Americans' communications and backdoor queries — reauthorized in 2017 and 2024.,fisa section 702 reauthorizations
internal_bad_laws_fix_nics_act,Fix NICS Act (2018) — Expanding the Federal Gun Prohibition Database,3,main,internal,internal/bad_laws/fix_nics_act.mdx,/docs/internal/bad-laws/fix-nics-act/,The Fix NICS Act (2018) expanded the federal gun background check database by requiring agencies to submit more disqualifying records — gun rights groups warn it adds people to a permanent prohibition list based on administrative records without adequate due process.,fix nics act (2018) — expanding the federal gun prohibition database
internal_bad_laws_florida_hb3_anti_esg,Florida HB 3 — Anti-ESG Legislation (2023),3,main,internal,internal/bad_laws/florida_hb3_anti_esg.mdx,/docs/internal/bad-laws/florida-hb3-anti-esg/,Florida HB 3 (2023) restricts state use of ESG factors in investments and contracts and prohibits boycotts of certain industries — opponents argue it punishes market-based boycotts and limits free economic and political expression.,florida hb 3 — anti-esg legislation (2023)
internal_bad_laws_fosta_sesta,FOSTA-SESTA (Allow States and Victims to Fight Online Sex Trafficking Act),3,main,internal,internal/bad_laws/fosta_sesta.mdx,/docs/internal/bad-laws/fosta-sesta/,FOSTA-SESTA (2018) holds online platforms liable for user-generated sex trafficking content — critics say it caused mass over-censorship of legal speech and forced platforms to delete lawful content and communities.,fosta-sesta (allow states and victims to fight online sex trafficking act)
internal_bad_laws_hr347_restricted_buildings,"Federal Restricted Buildings and Grounds Improvement Act (H.R. 347, 2012)",3,main,internal,internal/bad_laws/hr347_restricted_buildings.mdx,/docs/internal/bad-laws/hr347-restricted-buildings/,"H.R. 347 (2012) lowered the intent standard for the federal ""no-protest zone"" statute covering Secret Service-protected areas — critics say it makes it easier to arrest lawful protesters near powerful political figures.","federal restricted buildings and grounds improvement act (h.r. 347, 2012)"
internal_bad_laws_iija_kill_switch,IIJA Section 24220 — Vehicle Kill Switch Mandate,3,main,internal,internal/bad_laws/iija_kill_switch.mdx,/docs/internal/bad-laws/iija-kill-switch/,"Infrastructure Investment and Jobs Act Section 24220 mandates ""advanced impaired driving prevention technology"" in new cars — effectively a government kill switch on personal vehicles.",iija section 24220 — vehicle kill switch mandate
internal_bad_laws_irs_financial_surveillance_expansion,IRS Financial Surveillance Expansion — $600 Venmo Rule and $80 Billion Enforcement (2021–2022),3,main,internal,internal/bad_laws/irs_financial_surveillance_expansion.mdx,/docs/internal/bad-laws/irs-financial-surveillance-expansion/,"The American Rescue Plan's $600 payment app reporting threshold and the Inflation Reduction Act's $80 billion IRS enforcement expansion together target ordinary Americans' finances — critics say this is surveillance of the working class, not tax enforcement on the wealthy.",irs financial surveillance expansion — $600 venmo rule and $80 billion enforcement (2021–2022)
internal_bad_laws_louisiana_hb727_critical_infrastructure,Louisiana HB 727 — Critical Infrastructure Law (2018),3,main,internal,internal/bad_laws/louisiana_hb727_critical_infrastructure.mdx,/docs/internal/bad-laws/louisiana-hb727-critical-infrastructure/,Louisiana HB 727 (2018) heightens penalties for interfering with energy infrastructure — critics say it targets climate activists and suppresses free speech and protest against fossil fuel projects.,louisiana hb 727 — critical infrastructure law (2018)
internal_bad_laws_ndaa_fy2012_indefinite_detention,NDAA FY2012 — Indefinite Military Detention,3,main,internal,internal/bad_laws/ndaa_fy2012_indefinite_detention.mdx,/docs/internal/bad-laws/ndaa-fy2012-indefinite-detention/,The National Defense Authorization Act for FY2012 authorizes indefinite military detention of terrorism suspects — including potentially US citizens — without trial.,ndaa fy2012 — indefinite military detention
internal_bad_laws_ndaa_fy2027_section_224_israel_integration,NDAA FY2027 Section 224 — US-Israel Military Tech Integration,3,main,internal,internal/bad_laws/ndaa_fy2027_section_224_israel_integration.mdx,/docs/internal/bad-laws/ndaa-fy2027-section-224-israel-integration/,Section 224 of the House FY2027 NDAA would fuse US and Israeli military technology development — channel US R&D budget into joint production with Israel and integrate US military networks and data systems with a foreign government.,ndaa fy2027 section 224 — us-israel military tech integration
internal_bad_laws_no_fly_list,No-Fly List — Secret Blacklist Without Due Process,3,main,internal,internal/bad_laws/no_fly_list.mdx,/docs/internal/bad-laws/no-fly-list/,"The No-Fly List bars Americans from air travel based on secret criteria, secret evidence, and a ""redress"" process courts have found unconstitutional — you can be added for a clerical error, never told why, and have no meaningful way to get off.",no-fly list — secret blacklist without due process
internal_bad_laws_north_dakota_sb2044_critical_infrastructure,North Dakota SB 2044 — Critical Infrastructure (2019),3,main,internal,internal/bad_laws/north_dakota_sb2044_critical_infrastructure.mdx,/docs/internal/bad-laws/north-dakota-sb2044-critical-infrastructure/,"North Dakota SB 2044 (2019) increases felony penalties for pipeline protests — passed in direct response to the Standing Rock DAPL protests, critics say it criminalizes legitimate indigenous and environmental activism.",north dakota sb 2044 — critical infrastructure (2019)
internal_bad_laws_oklahoma_hb1123_critical_infrastructure,Oklahoma HB 1123 — Critical Infrastructure Protection Act (2017),3,main,internal,internal/bad_laws/oklahoma_hb1123_critical_infrastructure.mdx,/docs/internal/bad-laws/oklahoma-hb1123-critical-infrastructure/,Oklahoma HB 1123 (2017) makes trespass on pipelines and oil facilities a felony — critics argue it criminalizes peaceful environmental protest and chills First Amendment assembly rights.,oklahoma hb 1123 — critical infrastructure protection act (2017)
internal_bad_laws_patriot_act,USA PATRIOT Act and Reauthorizations (2001–2015),3,main,internal,internal/bad_laws/patriot_act.mdx,/docs/internal/bad-laws/patriot-act/,"The USA PATRIOT Act (2001) dramatically expanded surveillance and law enforcement powers after 9/11; repeatedly reauthorized through 2015 despite documented abuses, before being partially replaced by the USA FREEDOM Act.",usa patriot act and reauthorizations (2001–2015)
internal_bad_laws_patriot_sunsets_extension_act,PATRIOT Sunsets Extension Act of 2011,3,main,internal,internal/bad_laws/patriot_sunsets_extension_act.mdx,/docs/internal/bad-laws/patriot-sunsets-extension-act/,"The PATRIOT Sunsets Extension Act (2011) renewed the three most controversial PATRIOT Act surveillance powers for four more years — roving wiretaps, mass business record collection, and lone wolf surveillance — despite no evidence they were effective or necessary.",patriot sunsets extension act of 2011
internal_bad_laws_pipes_act_2020,PIPES Act of 2020 — Federal Pipeline Penalties and the Protest Criminalization Trend,3,main,internal,internal/bad_laws/pipes_act_2020.mdx,/docs/internal/bad-laws/pipes-act-2020/,"The PIPES Act of 2020 increased federal penalties for pipeline-related violations — while the existing federal law already imposes 20-year felony sentences for pipeline damage, critics warn the trend of expanding pipeline penalty laws is designed to suppress environmental and indigenous protest.",pipes act of 2020 — federal pipeline penalties and the protest criminalization trend
internal_bad_laws_preventing_emerging_threats_drone_act,Preventing Emerging Threats Act (2018) — Federal Drone Kill Authority,3,main,internal,internal/bad_laws/preventing_emerging_threats_drone_act.mdx,/docs/internal/bad-laws/preventing-emerging-threats-drone-act/,"The Preventing Emerging Threats Act (2018) gave DHS and DOJ authority to seize, disable, or destroy private drones without a warrant or judicial oversight — critics say it grants unchecked power to eliminate private surveillance of government conduct.",preventing emerging threats act (2018) — federal drone kill authority
internal_bad_laws_protecting_data_foreign_adversaries,Protecting Americans' Data from Foreign Adversaries Act (2024),3,main,internal,internal/bad_laws/protecting_data_foreign_adversaries.mdx,/docs/internal/bad-laws/protecting-data-foreign-adversaries/,"The Protecting Americans' Data from Foreign Adversaries Act (2024) restricts transfer of sensitive American data to entities linked to China, Russia, Iran, and North Korea — critics say its vague definitions could be used to regulate all international data flows and expand government oversight of private data transactions.",protecting americans' data from foreign adversaries act (2024)
internal_bad_laws_real_id_act,REAL ID Act (2005 / Enforced 2025),3,main,internal,internal/bad_laws/real_id_act.mdx,/docs/internal/bad-laws/real-id-act/,"The REAL ID Act (2005) created a de facto national ID card system by federally standardizing driver's licenses and building a networked database of Americans' personal information — full enforcement began May 7, 2025.",real id act (2005 / enforced 2025)
internal_bad_laws_secure_trusted_communications_act,Secure and Trusted Communications Networks Act (2020),3,main,internal,internal/bad_laws/secure_trusted_communications_act.mdx,/docs/internal/bad-laws/secure-trusted-communications-act/,The Secure and Trusted Communications Networks Act (2020) banned Huawei and ZTE from US telecom networks and appropriated funds to replace existing equipment — critics warn it expands federal control over communications infrastructure and sets a precedent for government control of the internet.,secure and trusted communications networks act (2020)
internal_bad_laws_smith_mundt_propaganda_act,Smith-Mundt Modernization Act (2012) — Government Propaganda Legalized,3,main,internal,internal/bad_laws/smith_mundt_propaganda_act.mdx,/docs/internal/bad-laws/smith-mundt-propaganda-act/,The Smith-Mundt Modernization Act (2012) lifted a decades-old ban on the domestic broadcast of US government-funded propaganda — critics say it now allows the government to legally run psychological influence operations on American citizens.,smith-mundt modernization act (2012) — government propaganda legalized
internal_bad_laws_state_anti_esg_boycott_laws,State Anti-ESG / Anti-Boycott Laws (Arkansas HB 1307 and Similar),3,main,internal,internal/bad_laws/state_anti_esg_boycott_laws.mdx,/docs/internal/bad-laws/state-anti-esg-boycott-laws/,"A wave of state anti-ESG and anti-boycott laws (Arkansas HB 1307 and similar, 2023+) bars state dealings with entities that boycott energy, firearms, or other politically favored industries.",state anti-esg / anti-boycott laws (arkansas hb 1307 and similar)
internal_bad_laws_state_anti_riot_laws,State Anti-Riot / Protest Laws (2021+),3,main,internal,internal/bad_laws/state_anti_riot_laws.mdx,/docs/internal/bad-laws/state-anti-riot-laws/,"State laws passed since 2021 (Florida HB 1, Oklahoma, and others) that heighten penalties for protests and grant driver immunity for hitting protesters — critics say they chill First Amendment assembly rights.",state anti-riot / protest laws (2021+)
internal_bad_laws_state_critical_infrastructure_laws,"State Critical Infrastructure Laws (Texas HB 3557 and Similar, 2019+)",3,main,internal,internal/bad_laws/state_critical_infrastructure_laws.mdx,/docs/internal/bad-laws/state-critical-infrastructure-laws/,"A wave of state laws since 2019 — led by Texas HB 3557 — that elevate penalties for protests near energy and pipeline infrastructure, broadly criticized as criminalizing political dissent against fossil fuel projects.","state critical infrastructure laws (texas hb 3557 and similar, 2019+)"
internal_bad_laws_stop_school_violence_act,STOP School Violence Act (2018) — Student Surveillance Programs,3,main,internal,internal/bad_laws/stop_school_violence_act.mdx,/docs/internal/bad-laws/stop-school-violence-act/,"The STOP School Violence Act (2018) funded anonymous tiplines and digital threat-assessment programs in schools — critics say it creates a surveillance-state environment that monitors students' social media, chills youth free speech, and accelerates the school-to-prison pipeline.",stop school violence act (2018) — student surveillance programs
internal_bad_laws_texas_sb13_anti_energy_boycott,Texas SB 13 — Anti-Energy Boycott Law (2021),3,main,internal,internal/bad_laws/texas_sb13_anti_energy_boycott.mdx,/docs/internal/bad-laws/texas-sb13-anti-energy-boycott/,Texas SB 13 (2021) bars state contracts and investments with financial firms that boycott fossil fuel companies — critics call it government punishment of political speech and economic association.,texas sb 13 — anti-energy boycott law (2021)
internal_bad_laws_tiktok_ban_act,Protecting Americans from Foreign Adversary Controlled Applications Act (TikTok Ban),3,main,internal,internal/bad_laws/tiktok_ban_act.mdx,/docs/internal/bad-laws/tiktok-ban-act/,PAFACA (2024) forces divestiture or an effective ban of TikTok and similar apps — critics argue it sets a government censorship precedent and restricts First Amendment free speech.,protecting americans from foreign adversary controlled applications act (tiktok ban)
internal_bad_laws_treasury_geographic_targeting_orders,Treasury Geographic Targeting Orders (GTOs) — Real Estate Financial Surveillance,3,main,internal,internal/bad_laws/treasury_geographic_targeting_orders.mdx,/docs/internal/bad-laws/treasury-geographic-targeting-orders/,Treasury Geographic Targeting Orders require title insurance companies in designated areas to identify the real people behind shell company real estate purchases — critics say GTOs expand financial surveillance of all-cash property buyers without requiring probable cause or a warrant.,treasury geographic targeting orders (gtos) — real estate financial surveillance
internal_bad_laws_tsa_cbp_biometric_surveillance,TSA and CBP Biometric Surveillance Programs (2017–ongoing),3,main,internal,internal/bad_laws/tsa_cbp_biometric_surveillance.mdx,/docs/internal/bad-laws/tsa-cbp-biometric-surveillance/,"TSA facial recognition at airports and CBP biometric entry/exit expansion scans the faces of millions of Americans — built without specific congressional authorization, no comprehensive privacy review, and documented racial bias.",tsa and cbp biometric surveillance programs (2017–ongoing)
internal_bad_laws_usa_freedom_act,USA FREEDOM Act (2015),3,main,internal,internal/bad_laws/usa_freedom_act.mdx,/docs/internal/bad-laws/usa-freedom-act/,The USA FREEDOM Act (2015) ended NSA bulk phone record collection but preserved mass surveillance infrastructure through third-party data retention — critics say it reformed the optics while leaving core surveillance powers intact.,usa freedom act (2015)
internal_bad_laws_usa_freedom_reauthorization_2020,USA FREEDOM Reauthorization Act of 2020,3,main,internal,internal/bad_laws/usa_freedom_reauthorization_2020.mdx,/docs/internal/bad-laws/usa-freedom-reauthorization-2020/,The USA FREEDOM Reauthorization Act of 2020 attempted to extend expiring NSA surveillance authorities with limited reforms — the House passed a version with more privacy protections; the Senate passed a version without them; privacy advocates say the final result preserved surveillance with cosmetic reform.,usa freedom reauthorization act of 2020
internal_state_bad_laws,State Bad Laws,3,main,internal,internal/state_bad_laws.mdx,/docs/internal/state-bad-laws/,State-level laws that harm citizen rights — organized by topic for screening state legislators' voting records.,state bad laws
internal_state_bad_laws_anti_bds_state_laws,Anti-BDS State Contractor Laws,3,main,internal,internal/state_bad_laws/anti_bds_state_laws.mdx,/docs/internal/state-bad-laws/anti-bds-state-laws/,38 states have enacted anti-BDS laws requiring contractors or public investment funds to certify they are not boycotting Israel — critics say these laws unconstitutionally condition public benefits on political viewpoints.,anti-bds state contractor laws
internal_state_bad_laws_arkansas_act710_anti_bds,Arkansas Act 710 — Anti-BDS Law (2017),3,main,internal,internal/state_bad_laws/arkansas_act710_anti_bds.mdx,/docs/internal/state-bad-laws/arkansas-act710-anti-bds/,"Arkansas Act 710 requires state contractors to certify they are not boycotting Israel — upheld by the 8th Circuit as regulating commercial conduct, not speech; SCOTUS declined review, widening a circuit split.",arkansas act 710 — anti-bds law (2017)
internal_state_bad_laws_critical_infrastructure_anti_protest,Critical Infrastructure Anti-Protest Laws (2017–2026),3,main,internal,internal/state_bad_laws/critical_infrastructure_anti_protest.mdx,/docs/internal/state-bad-laws/critical-infrastructure-anti-protest/,"20+ states have enacted laws since 2017 imposing felony-level penalties for protests near pipelines, refineries, power plants, and other infrastructure — critics say these laws are written to suppress climate and Indigenous rights activism.",critical infrastructure anti-protest laws (2017–2026)
internal_state_bad_laws_florida_hb1_anti_riot,Florida HB 1 — Combating Public Disorder Act (2021),3,main,internal,internal/state_bad_laws/florida_hb1_anti_riot.mdx,/docs/internal/state-bad-laws/florida-hb1-anti-riot/,"Florida HB 1 (2021) broadens riot definitions to sweep in peaceful protesters, creates new felony offenses tied to protest activity, grants civil immunity to drivers who hit protesters, and denies bail for protest-related arrests.",florida hb 1 — combating public disorder act (2021)
internal_state_bad_laws_florida_sb1678_anti_bds,Florida SB 1678 — Anti-BDS Expansion (2025),3,main,internal,internal/state_bad_laws/florida_sb1678_anti_bds.mdx,/docs/internal/state-bad-laws/florida-sb1678-anti-bds/,"Florida SB 1678 (2025) expands the state's anti-boycott-Israel policy to cover artists, nonprofits, and additional public-funding streams — critics say it reaches far beyond commercial contracts into protected political and artistic expression.",florida sb 1678 — anti-bds expansion (2025)
internal_state_bad_laws_florida_stop_woke_act,Florida Stop WOKE Act (2022),3,main,internal,internal/state_bad_laws/florida_stop_woke_act.mdx,/docs/internal/state-bad-laws/florida-stop-woke-act/,"Florida's Stop WOKE Act (2022) restricts how employers and universities may discuss race, gender, and related topics — courts have struck down key provisions as viewpoint-discriminatory government censorship.",florida stop woke act (2022)
internal_state_bad_laws_georgia_domestic_terrorism,Georgia Domestic Terrorism Expansion (2017 / 2023),3,main,internal,internal/state_bad_laws/georgia_domestic_terrorism.mdx,/docs/internal/state-bad-laws/georgia-domestic-terrorism/,"Georgia's domestic terrorism statute was expanded to cover property-related coercive acts; prosecutors applied it to Cop City forest demonstrators in 2023, drawing broad civil liberties criticism.",georgia domestic terrorism expansion (2017 / 2023)
internal_state_bad_laws_texas_hb89_anti_bds,Texas HB 89 — Anti-BDS Law (2017),3,main,internal,internal/state_bad_laws/texas_hb89_anti_bds.mdx,/docs/internal/state-bad-laws/texas-hb89-anti-bds/,Texas HB 89 bars state contracts and certain public investments from entities that boycott Israel — critics cite the Dickinson hurricane-aid pledge controversy as a sign of unconstitutional overreach.,texas hb 89 — anti-bds law (2017)
karma_overview,Karma,2,main,karma,karma/overview.mdx,/docs/karma/overview/,"The citizen side of the ledger: raw points are noise, the monthly karma score is the record.",karma
karma_points_to_monthly_karma,Points to monthly karma,3,main,karma,karma/points_to_monthly_karma.mdx,/docs/karma/points_to_monthly_karma/,"The two-layer scoring model: what actions are worth, and why the month is the unit that counts.",points to monthly karma
karma_the_leader_history_book,The Leader History Book,3,main,karma,karma/the_leader_history_book.mdx,/docs/karma/the_leader_history_book/,"The permanent, hash-chained record of the contributions that actually changed something.",leader history book; history book of citizens
karma_verification_and_disputes,Verification and disputes,3,main,karma,karma/verification_and_disputes.mdx,/docs/karma/verification_and_disputes/,"Evidence, peer reporting, anti-gaming, and what happens when somebody says a claim is false.",verification and disputes
laws_overview,Laws,2,main,laws,laws/overview.mdx,/docs/laws/overview/,"The four law libraries at a glance, and the distinction that makes them make sense.",
laws_how_a_record_is_sourced,How a record is sourced,3,main,laws,laws/how_a_record_is_sourced.mdx,/docs/laws/how_a_record_is_sourced/,"What counts as a source, where it is demanded, and why gaps are published.",how a record is sourced
laws_law_vs_bill,Law vs bill,3,main,laws,laws/law_vs_bill.mdx,/docs/laws/law_vs_bill/,"The vocabulary, and the rendering rules that follow from getting it right.",law vs bill; a law is not a bill
laws_the_four_libraries,The four libraries,3,main,laws,laws/the_four_libraries.mdx,/docs/laws/the_four_libraries/,"What each library holds, and which question it answers.",four libraries
legacy_politicians_overview,Elected Politicians,2,main,legacy_politicians,legacy_politicians/overview.mdx,/docs/legacy_politicians/overview/,"The 1,364 people who have held office and left a voting record — the hardest, most checkable evidence in the movement.",elected politicians
legacy_politicians_correct_your_own_record,Correct your own record,3,main,legacy_politicians,legacy_politicians/correct_your_own_record.mdx,/docs/legacy_politicians/correct_your_own_record/,"The correction channel for politicians and their staff, and why self-interest is labelled rather than blocked.",correct your own record
legacy_politicians_find_who_represents_you,Find who represents you,3,main,legacy_politicians,legacy_politicians/find_who_represents_you.mdx,/docs/legacy_politicians/find_who_represents_you/,"Going from your address to your own seats, and what to look at first once you get there.",find who represents you; who represents you
legacy_politicians_inside_a_legacy_record,Inside a legacy record,3,main,legacy_politicians,legacy_politicians/inside_a_legacy_record.mdx,/docs/legacy_politicians/inside_a_legacy_record/,"What is in a record for somebody who has held office, and where each piece came from.",inside a legacy record
legal_privacy_index,Privacy Policy,3,main,legal,legal/privacy/index.md,/docs/legal/privacy/,"The Privacy Policy for We The Citizens, the website at wethecitizens.io, and the app at app.WeTheCitizens.io.",
legal_terms_index,Terms of Service,3,main,legal,legal/terms/index.md,/docs/legal/terms/,"The Terms of Service for We The Citizens, the website at wethecitizens.io, and the app at app.WeTheCitizens.io.",
llama_overview,The Llama Award,2,main,llama,llama/overview.mdx,/docs/llama/overview/,How much a named politician did to repeal harmful law and advance the law that repairs democracy.,llama award; democracy repair
llama_the_good_law_list,The Good Law List,3,main,llama,llama/the_good_law_list.mdx,/docs/llama/the_good_law_list/,"The curated set of repairing laws the Llama is computed over, and the tests for getting on it.",good law list
llama_which_award_leads,Which award leads,3,main,llama,llama/which_award_leads.mdx,/docs/llama/which_award_leads/,Dominance: how the product decides which of the two awards a politician's card shows first.,which award leads
llama_why_not_just_inverted,Why it is not just the Monkey inverted,3,main,llama,llama/why_not_just_inverted.mdx,/docs/llama/why_not_just_inverted/,"The asymmetry in the two tables, and the argument for it.",why it is not just the monkey inverted
meritocracy_overview,Meritocracy,2,main,meritocracy,meritocracy/overview.mdx,/docs/meritocracy/overview/,"Influence here is earned and visible: a ladder citizens climb by doing checkable work, with a hard ceiling.",meritocracy
meritocracy_how_merit_is_earned,How merit is earned,3,main,meritocracy,meritocracy/how_merit_is_earned.mdx,/docs/meritocracy/how_merit_is_earned/,"The six inputs to a citizen's merit score, and why each one is hard to fake.",how merit is earned
meritocracy_the_rules_that_keep_it_honest,The rules that keep it honest,3,main,meritocracy,meritocracy/the_rules_that_keep_it_honest.mdx,/docs/meritocracy/the_rules_that_keep_it_honest/,Seven rules that keep a meritocracy from turning into an oligarchy.,rules that keep it honest
meritocracy_the_trust_ladder,The trust ladder,3,main,meritocracy,meritocracy/the_trust_ladder.mdx,/docs/meritocracy/the_trust_ladder/,"Five rungs with published criteria, climbed by doing work anyone can check.",trust ladder; the trust ladder
monkey_overview,The Monkey Award,2,main,monkey,monkey/overview.mdx,/docs/monkey/overview/,"One number, 0 to 100, for how much a named politician did to put the democracy-destroying laws in place.",monkey award; democracy damage
monkey_do_the_math_yourself,Do the math yourself,3,main,monkey,monkey/do_the_math_yourself.mdx,/docs/monkey/do_the_math_yourself/,"The whole equation is a weighted average, and every award has a page that shows the derivation term by term.",do the math yourself
monkey_the_monkey_list,The Monkey List,3,main,monkey,monkey/the_monkey_list.mdx,/docs/monkey/the_monkey_list/,"The curated set of enacted laws the award is computed over, and why it is deliberately short.",monkey list; the monkey list
monkey_what_counts_as_an_act,What counts as an act,3,main,monkey,monkey/what_counts_as_an_act.mdx,/docs/monkey/what_counts_as_an_act/,"The twelve categories every recorded act falls into, and why blocking a repair weighs thirty floor votes.",what counts as an act
new_politicians_overview,Good New Leaders,2,main,new_politicians,new_politicians/overview.mdx,/docs/new_politicians/overview/,"The people worth electing who have never been in office — assessed on what they have said and done, not on a voting record they do not have.",good new leaders; new leaders
new_politicians_how_someone_gets_on_the_roster,How someone gets on the roster,3,main,new_politicians,new_politicians/how_someone_gets_on_the_roster.mdx,/docs/new_politicians/how_someone_gets_on_the_roster/,Recommendation is open to anyone; approval is not. The path from a name to a published record.,how someone gets on the roster
new_politicians_recommend_a_leader,Recommend a leader,3,main,new_politicians,new_politicians/recommend_a_leader.mdx,/docs/new_politicians/recommend_a_leader/,"How to put somebody forward, what makes a recommendation strong, and how to flag a worrisome challenger.",recommend a leader
new_politicians_what_gets_assessed,What gets assessed,3,main,new_politicians,new_politicians/what_gets_assessed.mdx,/docs/new_politicians/what_gets_assessed/,"The evidence used to assess somebody with no voting record, and the percent-known figure that keeps it honest.",what gets assessed
no_forever_wars_overview,"No Forever Wars, No Draft",2,main,no_forever_wars,no_forever_wars/overview.mdx,/docs/no_forever_wars/overview/,"No needless wars, no forever wars, no draft — one of the few positions the citizen base holds identically behind every door.","no forever wars, no draft; forever wars; forever war; no draft"
no_forever_wars_remove_the_draft,Remove the draft,3,main,no_forever_wars,no_forever_wars/remove_the_draft.mdx,/docs/no_forever_wars/remove_the_draft/,The most extreme claim a government can make on a citizen — and why 'kept removed' is the harder half of the position.,remove the draft; conscription
no_forever_wars_the_forever_war_pattern,The forever war pattern,3,main,no_forever_wars,no_forever_wars/the_forever_war_pattern.mdx,/docs/no_forever_wars/the_forever_war_pattern/,"A war that outlives the administration that started it is being sustained by something other than an election result. Four mechanics, all documented.",forever war pattern; the forever war pattern
no_forever_wars_who_pays_and_who_profits,Who pays and who profits,3,main,no_forever_wars,no_forever_wars/who_pays_and_who_profits.mdx,/docs/no_forever_wars/who_pays_and_who_profits/,"Follow the two ledgers — the districts that pay in people, and the revenue that depends on continuation.",who pays and who profits
no_social_credit_overview,No Social Credit Score,2,main,no_social_credit,no_social_credit/overview.mdx,/docs/no_social_credit/overview/,"China's social credit system already has an American version — it is just not called that, which is exactly why it needs naming.",no social credit score; social credit system; social credit score; social credit
no_social_credit_how_we_remove_it,How we remove it,3,main,no_social_credit,no_social_credit/how_we_remove_it.mdx,/docs/no_social_credit/how_we_remove_it/,Three requirements that become bill text — and the honest comparison with this site's own karma score.,how we remove it
no_social_credit_the_american_version,The American version,3,main,no_social_credit,no_social_credit/the_american_version.mdx,/docs/no_social_credit/the_american_version/,Not one government registry — a patchwork of private and quasi-public gatekeepers that between them decide what a person can do.,american version; de-banking; remote shutdown
no_social_credit_why_it_is_not_called_that,Why it is not called that,3,main,no_social_credit,no_social_credit/why_it_is_not_called_that.mdx,/docs/no_social_credit/why_it_is_not_called_that/,"In China one body runs it under one name. Here it is distributed, so every participant can honestly say they operate no such thing.",why it is not called that
non_partisan_site_overview,Why A Non-Partisan Site,2,main,non_partisan_site,non_partisan_site/overview.mdx,/docs/non_partisan_site/overview/,"What the .io door is for: capture so egregious it runs against both parties, and a forum both bases can decide in.",why a non-partisan site; non-partisan site; non-partisan door; cross-party ground
non_partisan_site_the_cross_party_forum,The cross-party forum,3,main,non_partisan_site,non_partisan_site/the_cross_party_forum.mdx,/docs/non_partisan_site/the_cross_party_forum/,"A decision venue, not a debate venue: how citizens from different parties reach a usable answer on a problem Washington has not fixed.",cross-party forum; decision venue
non_partisan_site_what_crosses_both_parties,What crosses both parties,3,main,non_partisan_site,non_partisan_site/what_crosses_both_parties.mdx,/docs/non_partisan_site/what_crosses_both_parties/,The capture so egregious it damages Republicans and Democrats alike — and how you tell it apart from an ordinary partisan fight.,what crosses both parties; crosses both parties; damages both bases
non_partisan_site_what_lives_on_the_party_doors,What lives on the party doors,3,main,non_partisan_site,non_partisan_site/what_lives_on_the_party_doors.mdx,/docs/non_partisan_site/what_lives_on_the_party_doors/,"The list of things that exist only on the four .com doors, and why this door is deliberately narrower.",what lives on the party doors; lives only on a party door; only on the party doors
open_data_overview,Open Data,2,main,open_data,open_data/overview.mdx,/docs/open_data/overview/,"The movement's public record is a git repository. Clone it, check every claim, send back a correction.",open data
open_data_clone_the_record,Clone the record,3,main,open_data,open_data/clone_the_record.mdx,/docs/open_data/clone_the_record/,"Getting the whole public record onto your machine, and how the app uses it.",clone the record
open_data_propose_a_correction,Propose a correction,3,main,open_data,open_data/propose_a_correction.mdx,/docs/open_data/propose_a_correction/,"How anybody fixes something wrong in the record, and why a decline has to state its reason.",propose a correction
open_data_the_sourcing_rule,The sourcing rule,3,main,open_data,open_data/the_sourcing_rule.mdx,/docs/open_data/the_sourcing_rule/,"No claim about a living person without a source, enforced at the door rather than at review.",sourcing rule; the sourcing rule; sourced at the door
politicians_overview,Politicians,2,main,politicians,politicians/overview.mdx,/docs/politicians/overview/,Everything we publish about a politician is an award earned or not earned - and the wall that keeps the record separate from the resume.,politician record
politicians_award_not_a_score,"Award, not a score",3,main,politicians,politicians/award_not_a_score.mdx,/docs/politicians/award_not_a_score/,"The one copy decision in this product with a legal edge on it, and everything that follows from it.","award, not a score; awards, not scores; an award, never a score"
politicians_dispute_a_record,Dispute a record,3,main,politicians,politicians/dispute_a_record.mdx,/docs/politicians/dispute_a_record/,"The correction channel for subjects and their staff, and the posture that binds every rendering.",dispute a record
politicians_the_wall,The wall,3,main,politicians,politicians/the_wall.mdx,/docs/politicians/the_wall/,"What feeds which award, why nothing crosses, and how the separation is enforced.",the wall
problem_laws_overview,Problem Laws,2,main,problem_laws,problem_laws/overview.mdx,/docs/problem_laws/overview/,"The enacted laws the American people did not want, were not asked about, and are governed by anyway.",problem laws; problem law
problem_laws_how_badness_is_rated,How badness is rated,3,main,problem_laws,problem_laws/how_badness_is_rated.mdx,/docs/problem_laws/how_badness_is_rated/,"The 1 to 100 badness rating, who sets it, and what the citizen vote does and does not move.",how badness is rated; badness rating
problem_laws_report_a_problem_law,Report a problem law,3,main,problem_laws,problem_laws/report_a_problem_law.mdx,/docs/problem_laws/report_a_problem_law/,"How any citizen submits a law they believe belongs in the library, and what happens next.",report a problem law
problem_laws_what_makes_a_law_a_problem,What makes a law a problem law,3,main,problem_laws,problem_laws/what_makes_a_law_a_problem.mdx,/docs/problem_laws/what_makes_a_law_a_problem/,The admission tests a law has to fail before it enters the problem law library.,what makes a law a problem law
problems_overview,Problems,2,main,problems,problems/overview.mdx,/docs/problems/overview/,"The movement's ranked catalog of what is wrong, each one sourced and open for citizens to add to.",
problems_how_problems_are_ranked,How problems are ranked,3,main,problems,problems/how_problems_are_ranked.mdx,/docs/problems/how_problems_are_ranked/,"Severity, priority, and the difference between what citizens order and what the arithmetic uses.",how problems are ranked
problems_the_current_catalog,The current catalog,3,main,problems,problems/the_current_catalog.mdx,/docs/problems/the_current_catalog/,"What is in the catalog now, how to read an entry, and how to add one.",current catalog
problems_what_is_a_problem_record,What is a problem record,3,main,problems,problems/what_is_a_problem_record.mdx,/docs/problems/what_is_a_problem_record/,"The anatomy of a problem: statement, harm, root causes, violation, and what fixed looks like.",what is a problem record; problem record
qualifications_overview,Qualifications,2,main,qualifications,qualifications/overview.mdx,/docs/qualifications/overview/,"What makes somebody worth electing - rubrics published in the open, before anybody is assessed.",qualifications; qualification areas; published rubrics
qualifications_how_a_rubric_works,How a rubric works,3,main,qualifications,qualifications/how_a_rubric_works.mdx,/docs/qualifications/how_a_rubric_works/,"Levels 1 to 10, the mechanism test, and how a rubric is kept from encoding a party line.",how a rubric works; a rubric; rubrics
qualifications_read_the_rubrics,Read the rubrics,3,main,qualifications,qualifications/read_the_rubrics.mdx,/docs/qualifications/read_the_rubrics/,"Where the rubrics live, how to read one, and how to argue with it.",read the rubrics
qualifications_the_qualification_areas,The qualification areas,3,main,qualifications,qualifications/the_qualification_areas.mdx,/docs/qualifications/the_qualification_areas/,"What the sixteen areas cover, and why the list is shaped the way it is.",qualification areas
replace_incumbents_overview,Replacing Captured Incumbents,2,main,replace_incumbents,replace_incumbents/overview.mdx,/docs/replace_incumbents/overview/,"Elections, and nothing else: find the strongest challenger and rally behind them before the primary, not after it.",replacing captured incumbents; captured incumbents; replace incumbents
replace_incumbents_challengers_first,Challengers first,3,main,replace_incumbents,replace_incumbents/challengers_first.mdx,/docs/replace_incumbents/challengers_first/,"Most political attention goes to the incumbent, and that attention has a poor record of removing anyone. Start from the seat instead.",challengers first
replace_incumbents_rally_behind_one_challenger,Rally behind one challenger,3,main,replace_incumbents,replace_incumbents/rally_behind_one_challenger.mdx,/docs/replace_incumbents/rally_behind_one_challenger/,"A split field is how a well-funded incumbent survives. Converging early, by a method the community accepts as fair, is the hard part.",rally behind one challenger; split field
replace_incumbents_the_seat_view,The seat view,3,main,replace_incumbents,replace_incumbents/the_seat_view.mdx,/docs/replace_incumbents/the_seat_view/,"The per-seat page: who holds it, what their record shows, who could take it, and the strongest challenger who is not from your side.",seat view; per-seat view
repos_overview,Repos,2,main,repos,repos/overview.mdx,/docs/repos/overview/,"Every repository, what is in it, and how to run the whole movement on your own machine.",open source; the public repository
repos_contribute,Contribute,3,main,repos,repos/contribute.mdx,/docs/repos/contribute/,"Four ways in - data, code, sources, and telling us we are wrong.",
repos_run_your_own_instance,Run your own instance,3,main,repos,repos/run_your_own_instance.mdx,/docs/repos/run_your_own_instance/,"Running the whole thing yourself, and why forking is a feature rather than a threat.",run your own instance
repos_the_repo_map,The repo map,3,main,repos,repos/the_repo_map.mdx,/docs/repos/the_repo_map/,"What lives where: packages, specs, rubrics, and the data record.",repo map
rigged_economy_overview,The Rigged Economy,2,main,rigged_economy,rigged_economy/overview.mdx,/docs/rigged_economy/overview/,"Naming the rigged economy out loud, with receipts — and building a fix both party bases actually support.",rigged economy; the rigged economy
rigged_economy_document_it_yourself,Document it yourself,3,main,rigged_economy,rigged_economy/document_it_yourself.mdx,/docs/rigged_economy/document_it_yourself/,"Five steps that turn a felt grievance into a sourced, rankable finding anybody can check — using the same tools we use.",document it yourself
rigged_economy_how_the_rigging_works,How the rigging works,3,main,rigged_economy,rigged_economy/how_the_rigging_works.mdx,/docs/rigged_economy/how_the_rigging_works/,Not that some people do better than others — that some people write the rule they compete under. The four recurring forms.,how the rigging works
rigged_economy_the_fix_both_sides_support,The fix both sides support,3,main,rigged_economy,rigged_economy/the_fix_both_sides_support.mdx,/docs/rigged_economy/the_fix_both_sides_support/,"A fix only one base supports is a plank, and it lasts as long as that majority. Writing repairs that survive a change of control.",fix both sides support; a fix both sides will sign; signable by both
social_contract_overview,The Social Contract,2,main,social_contract,social_contract/overview.mdx,/docs/social_contract/overview/,The reference standard everything is measured against - the Constitution and representative democracy as promised.,social contract; the social contract
social_contract_misalignment_vs_disagreement,Misalignment vs disagreement,3,main,social_contract,social_contract/misalignment_vs_disagreement.mdx,/docs/social_contract/misalignment_vs_disagreement/,"The line between a structural violation and a policy fight, and why blurring it would end the project.",misalignment vs disagreement; misalignment; misaligned
social_contract_the_us_social_contract,The US social contract,3,main,social_contract,social_contract/the_us_social_contract.mdx,/docs/social_contract/the_us_social_contract/,"What we measure against, how it is stored in layers, and what it does not cover.",us social contract
social_contract_why_a_yardstick,Why a yardstick,3,main,social_contract,social_contract/why_a_yardstick.mdx,/docs/social_contract/why_a_yardstick/,What goes wrong when a movement measures against its own preferences.,why a yardstick
start_here_overview,Start Here,2,main,start_here,start_here/overview.mdx,/docs/start_here/overview/,"The plain-language front door: what We The Citizens is, in sixty seconds and then in five minutes.",
start_here_five_minute_tour,Five minute tour,3,main,start_here,start_here/five_minute_tour.mdx,/docs/start_here/five_minute_tour/,"The whole site in one pass, in the order it makes sense in.",five minute tour
start_here_what_it_is,What it is,3,main,start_here,start_here/what_it_is.mdx,/docs/start_here/what_it_is/,"The movement, the app, and the public record - three things with one name.",
start_here_who_it_is_for,Who it is for,3,main,start_here,start_here/who_it_is_for.mdx,/docs/start_here/who_it_is_for/,"The people this was built for, and the people it will disappoint.",
take_action_overview,Take Action,2,main,take_action,take_action/overview.mdx,/docs/take_action/overview/,"The catalog of things a citizen can actually do this week, each one worth points and each one checkable.",take action
take_action_call_your_representative,Call your representative,3,main,take_action,take_action/call_your_representative.mdx,/docs/take_action/call_your_representative/,The worked example: from a record on this site to a phone call that counts.,call your representative
take_action_log_what_you_did,Log what you did,3,main,take_action,take_action/log_what_you_did.mdx,/docs/take_action/log_what_you_did/,"The form, the evidence links, the declaration, and the prohibited-conduct limit.",log what you did
take_action_the_action_catalog,The action catalog,3,main,take_action,take_action/the_action_catalog.mdx,/docs/take_action/the_action_catalog/,"What is in the catalog, by track, and how to pick something that fits the hour you have.",action catalog; action catalogue
the_movement_overview,The Movement,2,main,the_movement,the_movement/overview.mdx,/docs/the_movement/overview/,"Who We The Citizens is: the charter, the four pillars, and what joining actually means.",we the citizens movement
the_movement_charter,Charter,3,main,the_movement,the_movement/charter.mdx,/docs/the_movement/charter/,"The governing document: what the movement is for, and the commitments that bind everything built under it.",the charter
the_movement_four_pillars,Four pillars,3,main,the_movement,the_movement/four_pillars.mdx,/docs/the_movement/four_pillars/,"Voting and policy decisions, law generation, applied ethics, and decisions under incomplete information.",four pillars
the_movement_who_can_join,Who can join,3,main,the_movement,the_movement/who_can_join.mdx,/docs/the_movement/who_can_join/,"The two personas, why anonymity never caps you, and what supporting the movement does and does not buy.",
the_problem_overview,The Problem,2,main,the_problem,the_problem/overview.mdx,/docs/the_problem/overview/,"What is actually broken in democracy today, stated without jargon and without asking you to already agree.",
the_problem_democracy_as_promised,Democracy as promised,3,main,the_problem,the_problem/democracy_as_promised.mdx,/docs/the_problem/democracy_as_promised/,"The deal representative democracy actually offers, and the single link in it that broke.",democracy as promised
the_problem_the_deadlock_pattern,The deadlock pattern,3,main,the_problem,the_problem/the_deadlock_pattern.mdx,/docs/the_problem/the_deadlock_pattern/,"Manufactured uncertainty: break the chain on purpose, then demand a complete chain.",deadlock pattern
the_problem_why_arguing_online_fails,Why arguing online fails,3,main,the_problem,the_problem/why_arguing_online_fails.mdx,/docs/the_problem/why_arguing_online_fails/,"Why the obvious response to all this does not work, and what the alternative has to have.",why arguing online fails
trust_scores_overview,Trust Scores,2,main,trust_scores,trust_scores/overview.mdx,/docs/trust_scores/overview/,A trust score builds a mesh of real citizens who can vote — and that mesh is the defense against bots and paid influence.,trust scores; trust score
trust_scores_built_and_voted_on_the_party_doors,Built and voted on the party doors,3,main,trust_scores,trust_scores/built_and_voted_on_the_party_doors.mdx,/docs/trust_scores/built_and_voted_on_the_party_doors/,"A community can only vouch for people it actually knows — which is why trust is built and voted at the .com level, not here.",built and voted on the party doors
trust_scores_the_mesh_and_what_it_defends_against,"The mesh, and what it defends against",3,main,trust_scores,trust_scores/the_mesh_and_what_it_defends_against.mdx,/docs/trust_scores/the_mesh_and_what_it_defends_against/,"Whoever can manufacture people wins — unless the venue counts only real ones. The defence is arithmetic, not censorship.","mesh, and what it defends against; the mesh; mesh of verified"
trust_scores_the_read_only_rollup,The read-only roll-up,3,main,trust_scores,trust_scores/the_read_only_rollup.mdx,/docs/trust_scores/the_read_only_rollup/,"This door shows the shape of the mesh, stitched together from the four party doors. You can see it from here. You cannot vote on it from here.",read-only roll-up; the roll-up
us_intelligence_overview,US Intelligence,2,main,us_intelligence,us_intelligence/overview.mdx,/docs/us_intelligence/overview/,"Serving this country only — never a puppet master over US politics, never the route a foreign power uses to reach citizens.",us intelligence
us_intelligence_no_puppet_master_over_politics,No puppet master over US politics,3,main,us_intelligence,us_intelligence/no_puppet_master_over_politics.mdx,/docs/us_intelligence/no_puppet_master_over_politics/,"Where control over a decision runs through the information available to the decider, the party controlling the information is a party to the decision.",no puppet master over us politics; puppet master over us politics
us_intelligence_no_removing_democracy,No removing democracy at home,3,main,us_intelligence,us_intelligence/no_removing_democracy.mdx,/docs/us_intelligence/no_removing_democracy/,"Collection, classification and investigative authority turned on the electorate instead of used for it — three concerns, each stated so it can be tested.",no removing democracy at home
us_intelligence_whistleblowers,Whistleblowers,3,main,us_intelligence,us_intelligence/whistleblowers.mdx,/docs/us_intelligence/whistleblowers/,"Nothing in this area is discoverable from outside without people inside who can speak — so protection is load-bearing, not a courtesy.",whistleblowers; whistleblower protection
values_overview,Values,2,main,values,values/overview.mdx,/docs/values/overview/,"Pillar 3: turn your ethics into something an AI can apply consistently, at scale, on your behalf.",
values_policy_packets,Policy packets,3,main,values,values/policy_packets.mdx,/docs/values/policy_packets/,"Publishing your value system, importing somebody else's, and why this is not delegation.",policy packets; policy packet
values_where_this_stops,Where this stops,3,main,values,values/where_this_stops.mdx,/docs/values/where_this_stops/,The honest limits of representing ethics as structured rules.,where this stops
values_write_down_your_values,Write down your values,3,main,values,values/write_down_your_values.mdx,/docs/values/write_down_your_values/,"Starting from one rule, and what separates a usable rule from a slogan.",write down your values; value system; value systems
voting_records_overview,Voting Records,2,main,voting_records,voting_records/overview.mdx,/docs/voting_records/overview/,How we read the public record of how somebody voted - the source of the hardest numbers on the site.,voting records; voting record; roll call; roll calls
voting_records_blocked_from_a_vote,Blocked from a vote,3,main,voting_records,voting_records/blocked_from_a_vote.mdx,/docs/voting_records/blocked_from_a_vote/,"The act with the biggest effect and the smallest trace, and why it weighs what it weighs.",blocked from a vote
voting_records_what_counts_as_a_vote,What counts as a vote,3,main,voting_records,voting_records/what_counts_as_a_vote.mdx,/docs/voting_records/what_counts_as_a_vote/,"Votes, authorship, stages and vehicles - and which of those enter the arithmetic.",what counts as a vote
voting_records_where_the_data_comes_from,Where the data comes from,3,main,voting_records,voting_records/where_the_data_comes_from.mdx,/docs/voting_records/where_the_data_comes_from/,"Sources, provenance, and why the boring parts of the record are the most reliable.",where the data comes from
d_abortion_rights_overview,"Abortion Rights, and Why the Codification Never Comes",2,d,abortion_rights,d/abortion_rights/overview.mdx,/docs/d/abortion_rights/,The majority arrives and the promised codification never happens — because incumbents need the issue unresolved more than they need it fixed.,"abortion rights, and why the codification never comes"
d_abortion_rights_abortion_rights,"Abortion Rights, Codified",3,d,abortion_rights,d/abortion_rights/abortion_rights.mdx,/docs/d/abortion_rights/abortion_rights/,"Codified, not left to be re-litigated every cycle.","abortion rights, codified"
d_abortion_rights_fixing_money_in_politics,Money in Politics Is the Mechanism Underneath,3,d,abortion_rights,d/abortion_rights/fixing_money_in_politics.mdx,/docs/d/abortion_rights/fixing_money_in_politics/,Citizens United is the specific fight.,money in politics is the mechanism underneath
d_abortion_rights_fixing_the_rigged_economy,The Same Swamp Keeps the Economy Rigged,3,d,abortion_rights,d/abortion_rights/fixing_the_rigged_economy.mdx,/docs/d/abortion_rights/fixing_the_rigged_economy/,"One captured layer, two symptoms.",same swamp keeps the economy rigged
d_about_us_overview,Who This Door Is For,2,d,about_us,d/about_us/overview.mdx,/docs/d/about_us/,"Who this door is for: voters who vote Democrat, building their own package in their own language.",who this door is for
d_about_us_democrat_voters_not_the_establishment,"Democrat Voters, Not the Establishment",3,d,about_us,d/about_us/democrat_voters_not_the_establishment.mdx,/docs/d/about_us/democrat_voters_not_the_establishment/,"We are talking to the voter, not to the officeholder and not to the party apparatus.","democrat voters, not the establishment"
d_about_us_why_here_not_the_io,Why You Are Here and Not on the Non-Partisan Site,3,d,about_us,d/about_us/why_here_not_the_io.mdx,/docs/d/about_us/why_here_not_the_io/,The .io is deliberately neutral and will not take your partisan issues on. Everything partisan lives here.,why you are here and not on the non-partisan site
d_ai_era_economy_overview,An Economy Ideal for Workers in the Era of AI,2,d,ai_era_economy,d/ai_era_economy/overview.mdx,/docs/d/ai_era_economy/,"AI is changing what work is, and this community wants an answer before the disruption lands rather than after.",economy ideal for workers in the era of ai
d_board_of_directors_overview,Our Board of Directors,2,d,board_of_directors,d/board_of_directors/overview.mdx,/docs/d/board_of_directors/,"A real governance body that sits at the .com level, described accurately and never overstated.",our board of directors
d_board_of_directors_the_board_sits_at_the_com_level,The Board Sits at the .com Level,3,d,board_of_directors,d/board_of_directors/the_board_sits_at_the_com_level.mdx,/docs/d/board_of_directors/the_board_sits_at_the_com_level/,Partisan governance belongs with the partisan community.,board sits at the .com level
d_community_voting_overview,Community-Based Voting and Collaboration,2,d,community_voting,d/community_voting/overview.mdx,/docs/d/community_voting/,"The mechanism the whole platform runs on: positions, plans and candidate judgments come from citizens voting and working together.",community-based voting and collaboration
d_community_voting_the_community_builds_it,"The Community Builds the Package, We Do Not Hand It Down",3,d,community_voting,d/community_voting/the_community_builds_it.mdx,/docs/d/community_voting/the_community_builds_it/,"Collaboration produces the package, and the package is the product.","community builds the package, we do not hand it down"
d_community_voting_vote_your_spectrum,Voting on Where You Sit on the Spectrum,3,d,community_voting,d/community_voting/vote_your_spectrum.mdx,/docs/d/community_voting/vote_your_spectrum/,Citizens vote their own position. That position drives candidate matching.,voting on where you sit on the spectrum
d_reference_text,We The Citizens D — Reference Text,3,d,d,d/reference_text.mdx,/docs/d/reference_text/,"Long-form reference text for the Democrat front door at WeCitizensD.com: your own seats, your own incumbents, and who could replace them.",we the citizens d — reference text
d_overview,We The Citizens D,door,d,d,d/overview.mdx,/docs/d/overview/,"The Democrat front door at WeCitizensD.com: your own seats, your own incumbents, and who could replace them.",we the citizens d; wecitizensd.com
d_economics_for_workers_overview,Economics That Work for Workers,2,d,economics_for_workers,d/economics_for_workers/overview.mdx,/docs/d/economics_for_workers/,"Economics is the center of this door, and every plank gets the same test: does it work for the worker.",economics that work for workers
d_fix_bills_overview,Partisan Laws and Bills,2,d,fix_bills,d/fix_bills/overview.mdx,/docs/d/fix_bills/,"Partisan law work happens on the .com doors, and this is where Democrat voters add and prioritize the laws they care about.",partisan laws and bills
d_fix_bills_add_the_laws_you_care_about,Adding the Laws This Community Cares About,3,d,fix_bills,d/fix_bills/add_the_laws_you_care_about.mdx,/docs/d/fix_bills/add_the_laws_you_care_about/,Democrat voters add and shape the laws that matter to them.,adding the laws this community cares about
d_fix_bills_bills_that_matter_most,Bills That Matter Most to Democrats,3,d,fix_bills,d/fix_bills/bills_that_matter_most.mdx,/docs/d/fix_bills/bills_that_matter_most/,A concrete bill is a better test of a candidate than a general statement.,bills that matter most to democrats
d_four_doors_overview,How This Door Relates to the Other Three,2,d,four_doors,d/four_doors/overview.mdx,/docs/d/four_doors/,"Four party doors, one app: R Republicans, D Democrats, L Libertarians, S Democratic Socialists.",how this door relates to the other three
d_four_doors_one_app_four_doors,"One App, Four Doors",3,d,four_doors,d/four_doors/one_app_four_doors.mdx,/docs/d/four_doors/one_app_four_doors/,"WeCitizensD.com is edition D of the one We The Citizens app, recognized by hostname.","one app, four doors"
d_four_doors_sending_visitors_here,Sending Non-Partisan Visitors Here,3,d,four_doors,d/four_doors/sending_visitors_here.mdx,/docs/d/four_doors/sending_visitors_here/,The .io's job is to send you to the door for the party you care about.,sending non-partisan visitors here
d_meritocracy_overview,Meritocracy: Finding the Best Candidates,2,d,meritocracy,d/meritocracy/overview.mdx,/docs/d/meritocracy/,The engine underneath everything: surface the candidates most dedicated to citizens and strongest at refusing to be co-opted.,meritocracy: finding the best candidates
d_meritocracy_dedicated_to_citizens,Dedicated to Always Work for Citizens,3,d,meritocracy,d/meritocracy/dedicated_to_citizens.mdx,/docs/d/meritocracy/dedicated_to_citizens/,"The test is what happens after the election, not what was promised before it.",dedicated to always work for citizens
d_meritocracy_matching_the_spectrum,Matching Candidates to Where You Sit on the Spectrum,3,d,meritocracy,d/meritocracy/matching_the_spectrum.mdx,/docs/d/meritocracy/matching_the_spectrum/,"Democrat voters are not one position, so we do not flatten them into one.",matching candidates to where you sit on the spectrum
d_meritocracy_open_source_open_data_open_ai,"Open Data, Open Source, Open AI",3,d,meritocracy,d/meritocracy/open_source_open_data_open_ai.mdx,/docs/d/meritocracy/open_source_open_data_open_ai/,This is what makes the meritocracy claim verifiable instead of just asserted.,"open data, open source, open ai"
d_meritocracy_strong_enough_to_refuse,Strong Enough to Refuse Being Co-Opted,3,d,meritocracy,d/meritocracy/strong_enough_to_refuse.mdx,/docs/d/meritocracy/strong_enough_to_refuse/,Being good is not enough if the pressure turns you.,strong enough to refuse being co-opted
d_new_colonialism_overview,New Colonialism: Foreign Interests Controlling US Politicians,2,d,new_colonialism,d/new_colonialism/overview.mdx,/docs/d/new_colonialism/,A new layer of colonialism gets added every year when foreign money buys influence over US politicians and US citizens pay for it.,new colonialism: foreign interests controlling us politicians
d_new_colonialism_challengers_who_will_remove_the_layers,Challengers Who Will Remove the Layers,3,d,new_colonialism,d/new_colonialism/challengers_who_will_remove_the_layers.mdx,/docs/d/new_colonialism/challengers_who_will_remove_the_layers/,"Every year the layer gets thicker, because the incumbents who benefit will not remove it.",challengers who will remove the layers
d_non_partisan_site_overview,What Stays Up at the Non-Partisan Site,2,d,non_partisan_site,d/non_partisan_site/overview.mdx,/docs/d/non_partisan_site/,"Some things deliberately do not move down to this door, and this page points at the .io instead of quietly duplicating them.",what stays up at the non-partisan site
d_non_partisan_site_no_religion_on_this_door,"No Religion Up There, and None on This Door",3,d,non_partisan_site,d/non_partisan_site/no_religion_on_this_door.mdx,/docs/d/non_partisan_site/no_religion_on_this_door/,That language is exclusive to the Republican door.,"no religion up there, and none on this door"
d_non_partisan_site_the_neutral_lobby,The Neutral Lobby and the One High-Level Plan,3,d,non_partisan_site,d/non_partisan_site/the_neutral_lobby.mdx,/docs/d/non_partisan_site/the_neutral_lobby/,The .io has exactly one top-level plan.,neutral lobby and the one high-level plan
d_non_partisan_site_the_read_only_rollup,The Read-Only Trust-Score Roll-Up,3,d,non_partisan_site,d/non_partisan_site/the_read_only_rollup.mdx,/docs/d/non_partisan_site/the_read_only_rollup/,"The combined, cross-party trust view lives up on the .io.",read-only trust-score roll-up
d_replace_incumbents_overview,Replacing Incumbents Controlled by Elites and Money in Politics,2,d,replace_incumbents,d/replace_incumbents/overview.mdx,/docs/d/replace_incumbents/,The core action: elect challengers to replace incumbents who answer to money and to elites instead of to the people who elected them.,replacing incumbents controlled by elites and money in politics
d_replace_incumbents_challengers_who_cannot_be_bought,Challengers Who Cannot Be Bought,3,d,replace_incumbents,d/replace_incumbents/challengers_who_cannot_be_bought.mdx,/docs/d/replace_incumbents/challengers_who_cannot_be_bought/,An incumbent serving foreign interests over the citizen base is disqualified by that fact.,challengers who cannot be bought
d_replace_incumbents_fixing_citizens_united,Citizens United Gets Fixed by This System,3,d,replace_incumbents,d/replace_incumbents/fixing_citizens_united.mdx,/docs/d/replace_incumbents/fixing_citizens_united/,Unlimited outside money only works if it buys officeholders.,citizens united gets fixed by this system
d_replace_incumbents_when_votes_track_donors,When the Votes Track the Donors,3,d,replace_incumbents,d/replace_incumbents/when_votes_track_donors.mdx,/docs/d/replace_incumbents/when_votes_track_donors/,The trigger is the voting record.,when the votes track the donors
d_rigged_economy_overview,Removing the Rigged Economy,2,d,rigged_economy,d/rigged_economy/overview.mdx,/docs/d/rigged_economy/,"The Democrat voter's own package for removing the rigged layer and getting back to an ethical, clean economy.",removing the rigged economy
d_rigged_economy_ideal_for_workers,"An Ethical, Clean Economy That Is Ideal for Workers",3,d,rigged_economy,d/rigged_economy/ideal_for_workers.mdx,/docs/d/rigged_economy/ideal_for_workers/,Removing the rigged layer is the means. The clean economy is the end.,"ethical, clean economy that is ideal for workers"
d_rigged_economy_the_democrat_package,The Democrat Voter's Own Package,3,d,rigged_economy,d/rigged_economy/the_democrat_package.mdx,/docs/d/rigged_economy/the_democrat_package/,The community creates the package. We give the process and the tools.,democrat voter's own package
d_trust_scores_overview,Trust Scores,2,d,trust_scores,d/trust_scores/overview.mdx,/docs/d/trust_scores/,"Trust scores are how a citizen judges whether a candidate really works for citizens — built and voted here, at the party level.",trust scores
d_trust_scores_built_and_voted_here,"Built and Voted Here, at the Party Level",3,d,trust_scores,d/trust_scores/built_and_voted_here.mdx,/docs/d/trust_scores/built_and_voted_here/,"If you want your vote to count on a score, this is where you cast it.","built and voted here, at the party level"
d_trust_scores_the_read_only_rollup,The Read-Only Roll-Up on the Non-Partisan Site,3,d,trust_scores,d/trust_scores/the_read_only_rollup.mdx,/docs/d/trust_scores/the_read_only_rollup/,The .io stitches the party scores together. Nobody votes there.,read-only roll-up on the non-partisan site
d_words_we_use_overview,Words We Use and Words We Avoid,2,d,words_we_use,d/words_we_use/overview.mdx,/docs/d/words_we_use/,"Language is the whole job of this door: two audiences never share a page, and we never claim a status we do not hold.",words we use and words we avoid
d_words_we_use_words_we_avoid,Words We Avoid,3,d,words_we_use,d/words_we_use/words_we_avoid.mdx,/docs/d/words_we_use/words_we_avoid/,The phrases that never appear on this door.,words we avoid
d_words_we_use_words_we_use,Words We Use,3,d,words_we_use,d/words_we_use/words_we_use.mdx,/docs/d/words_we_use/words_we_use/,The phrases that belong on this door.,words we use
d_yearly_conference_overview,The Yearly Strategic Conference,2,d,yearly_conference,d/yearly_conference/overview.mdx,/docs/d/yearly_conference/,"A yearly strategic conference for this community, where its direction gets set together.",yearly strategic conference
d_yearly_conference_a_com_level_event,"A .com-Level Event, Not a Non-Partisan One",3,d,yearly_conference,d/yearly_conference/a_com_level_event.mdx,/docs/d/yearly_conference/a_com_level_event/,The conference is not held at the non-partisan level.,".com-level event, not a non-partisan one"
l_about_us_overview,About Us for Libertarian Voters,2,l,about_us,l/about_us/overview.mdx,/docs/l/about_us/,"Who this door is for: libertarians and the broader liberty movement, building their own package in their own language.",about us for libertarian voters
l_about_us_libertarian_voters_not_the_swamp,"Libertarian Voters, Not the DC Swamp",3,l,about_us,l/about_us/libertarian_voters_not_the_swamp.mdx,/docs/l/about_us/libertarian_voters_not_the_swamp/,"We are talking to the voter, not to the officeholder and not to the party apparatus.","libertarian voters, not the dc swamp"
l_about_us_why_here_not_the_io,Why You Are Here and Not on the Non-Partisan Site,3,l,about_us,l/about_us/why_here_not_the_io.mdx,/docs/l/about_us/why_here_not_the_io/,The .io is deliberately neutral and will not take your partisan issues on. Everything partisan lives here.,why you are here and not on the non-partisan site
l_board_of_directors_overview,Our Board of Directors,2,l,board_of_directors,l/board_of_directors/overview.mdx,/docs/l/board_of_directors/,"A real governance body that sits at the .com level, described accurately and never overstated.",our board of directors
l_board_of_directors_the_board_sits_at_the_com_level,The Board Sits at the .com Level,3,l,board_of_directors,l/board_of_directors/the_board_sits_at_the_com_level.mdx,/docs/l/board_of_directors/the_board_sits_at_the_com_level/,Partisan governance belongs with the partisan community.,board sits at the .com level
l_community_voting_overview,Community-Based Voting and Collaboration,2,l,community_voting,l/community_voting/overview.mdx,/docs/l/community_voting/,"The mechanism the whole platform runs on: positions, plans and candidate judgments come from citizens voting and working together.",community-based voting and collaboration
l_community_voting_the_community_builds_it,"The Community Builds the Package, We Do Not Hand It Down",3,l,community_voting,l/community_voting/the_community_builds_it.mdx,/docs/l/community_voting/the_community_builds_it/,"Collaboration produces the package, and the package is the product.","community builds the package, we do not hand it down"
l_community_voting_vote_your_spectrum,Voting on Where You Sit on the Spectrum,3,l,community_voting,l/community_voting/vote_your_spectrum.mdx,/docs/l/community_voting/vote_your_spectrum/,Citizens vote their own position. That position drives candidate matching.,voting on where you sit on the spectrum
l_expose_deep_state_overview,"Fully Exposing the Deep State, Globalist Elites and the Epstein Class",2,l,expose_deep_state,l/expose_deep_state/overview.mdx,/docs/l/expose_deep_state/,"Citizens cannot fix what they are not allowed to see, so exposure comes before reform.","fully exposing the deep state, globalist elites and the epstein class"
l_expose_deep_state_documented_with_sources,"Documented, With Sources a Citizen Can Check",3,l,expose_deep_state,l/expose_deep_state/documented_with_sources.mdx,/docs/l/expose_deep_state/documented_with_sources/,"A sourced, citizen-readable record instead of a rumor pile.","documented, with sources a citizen can check"
l_fix_bills_overview,Fix Bills and Laws,2,l,fix_bills,l/fix_bills/overview.mdx,/docs/l/fix_bills/,"Partisan law work happens on the .com doors, and this is where libertarian voters add and prioritize the laws they care about.",fix bills and laws
l_fix_bills_add_the_laws_you_care_about,Adding the Laws This Community Cares About,3,l,fix_bills,l/fix_bills/add_the_laws_you_care_about.mdx,/docs/l/fix_bills/add_the_laws_you_care_about/,Libertarians add and shape the laws that matter to them.,adding the laws this community cares about
l_fix_bills_bills_that_matter_most,Bills That Matter Most to Libertarians,3,l,fix_bills,l/fix_bills/bills_that_matter_most.mdx,/docs/l/fix_bills/bills_that_matter_most/,A concrete bill is a better test of a candidate than a general statement.,bills that matter most to libertarians
l_foreign_intelligence_overview,Foreign Intelligence: No Puppet Master Over US Citizens,2,l,foreign_intelligence,l/foreign_intelligence/overview.mdx,/docs/l/foreign_intelligence/,A foreign service steering US politics is the purest form of the thing this door exists to stop.,foreign intelligence: no puppet master over us citizens
l_foreign_intelligence_a_vote_already_decided,A Vote That Was Already Decided Is Not an Election,3,l,foreign_intelligence,l/foreign_intelligence/a_vote_already_decided.mdx,/docs/l/foreign_intelligence/a_vote_already_decided/,We document the mechanism and name it in public.,vote that was already decided is not an election
l_foreign_intelligence_foreign_leverage_is_disqualifying,Foreign Leverage Is Disqualifying,3,l,foreign_intelligence,l/foreign_intelligence/foreign_leverage_is_disqualifying.mdx,/docs/l/foreign_intelligence/foreign_leverage_is_disqualifying/,Full stop. Citizens get the receipts and judge for themselves.,foreign leverage is disqualifying
l_four_doors_overview,How This Door Relates to the Other Three,2,l,four_doors,l/four_doors/overview.mdx,/docs/l/four_doors/,"Four party doors, one app: R Republicans, D Democrats, L Libertarians, S Democratic Socialists.",how this door relates to the other three
l_four_doors_one_app_four_doors,"One App, Four Doors",3,l,four_doors,l/four_doors/one_app_four_doors.mdx,/docs/l/four_doors/one_app_four_doors/,"WeCitizensL.com is edition L of the one We The Citizens app, recognized by hostname.","one app, four doors"
l_four_doors_sending_visitors_here,Sending Non-Partisan Visitors Here,3,l,four_doors,l/four_doors/sending_visitors_here.mdx,/docs/l/four_doors/sending_visitors_here/,The .io's job is to send you to the door for the party you care about.,sending non-partisan visitors here
l_reference_text,We The Citizens L — Reference Text,3,l,l,l/reference_text.mdx,/docs/l/reference_text/,"Long-form reference text for the Libertarian front door at WeCitizensL.com: your own seats, your own incumbents, and who could replace them.",we the citizens l — reference text
l_overview,We The Citizens L,door,l,l,l/overview.mdx,/docs/l/overview/,"The Libertarian front door at WeCitizensL.com: your own seats, your own incumbents, and who could replace them.",we the citizens l; wecitizensl.com
l_liberty_ethics_overview,"Great Ethics, Like the Non-Aggression Principle",2,l,liberty_ethics,l/liberty_ethics/overview.mdx,/docs/l/liberty_ethics/,"This door talks about liberty ethics — the non-aggression principle, consent and self-ownership — deliberately, and exclusively here.","great ethics, like the non-aggression principle"
l_liberty_ethics_only_on_this_door,Why This Is the Only Door That Carries Them,3,l,liberty_ethics,l/liberty_ethics/only_on_this_door.mdx,/docs/l/liberty_ethics/only_on_this_door/,"One file, one domain, one audience. Two audiences never share a page.",why this is the only door that carries them
l_meritocracy_overview,Meritocracy: Finding the Best Candidates,2,l,meritocracy,l/meritocracy/overview.mdx,/docs/l/meritocracy/,The engine underneath everything: surface the candidates most dedicated to citizens and strongest at refusing to be co-opted.,meritocracy: finding the best candidates
l_meritocracy_dedicated_to_citizens,Dedicated to Always Work for Citizens,3,l,meritocracy,l/meritocracy/dedicated_to_citizens.mdx,/docs/l/meritocracy/dedicated_to_citizens/,"The test is what happens after the election, not what was promised before it.",dedicated to always work for citizens
l_meritocracy_matching_the_spectrum,Matching Candidates to Where You Sit on the Spectrum,3,l,meritocracy,l/meritocracy/matching_the_spectrum.mdx,/docs/l/meritocracy/matching_the_spectrum/,"Libertarians are not one position, so we do not flatten them into one.",matching candidates to where you sit on the spectrum
l_meritocracy_strong_enough_to_refuse,Strong Enough to Refuse Being Co-Opted,3,l,meritocracy,l/meritocracy/strong_enough_to_refuse.mdx,/docs/l/meritocracy/strong_enough_to_refuse/,Being good is not enough if the pressure turns you.,strong enough to refuse being co-opted
l_no_forever_wars_overview,"No Needless or Forever Wars, and No Draft",2,l,no_forever_wars,l/no_forever_wars/overview.mdx,/docs/l/no_forever_wars/,"Wars that serve globalist elites rather than citizens are exactly what this door opposes, and citizens are not raw material for someone else's foreign policy.","no needless or forever wars, and no draft"
l_no_social_credit_overview,No China-Style Social Credit in America,2,l,no_social_credit,l/no_social_credit/overview.mdx,/docs/l/no_social_credit/,A score that decides what a citizen is allowed to do never gets built here — including the private-sector versions of it.,no china-style social credit in america
l_open_everything_overview,"Open Source, Open Data, Open AI",2,l,open_everything,l/open_everything/overview.mdx,/docs/l/open_everything/,"Nobody has to trust us, because nobody can check a black box — every layer that decides something about a candidate or a vote is open to inspection.","open source, open data, open ai"
l_open_everything_open_ai,Open AI,3,l,open_everything,l/open_everything/open_ai.mdx,/docs/l/open_everything/open_ai/,"Open models where we can, open prompts and open method always.",open ai
l_open_everything_open_data,Open Data,3,l,open_everything,l/open_everything/open_data.mdx,/docs/l/open_everything/open_data/,Citizens can re-run the numbers themselves and get the same answer.,open data
l_open_everything_open_source_code,Open Source — The Code,3,l,open_everything,l/open_everything/open_source_code.mdx,/docs/l/open_everything/open_source_code/,"The code that runs the voting, the matching and the scoring is open source.",open source — the code
l_replace_incumbents_overview,Replacing Incumbents Controlled by Globalist Elites,2,l,replace_incumbents,l/replace_incumbents/overview.mdx,/docs/l/replace_incumbents/,The core action: get political challengers elected to replace incumbents controlled by globalist elites and the Deep State.,replacing incumbents controlled by globalist elites
l_replace_incumbents_challengers_first,"Challengers First, Incumbent Protection Never",3,l,replace_incumbents,l/replace_incumbents/challengers_first.mdx,/docs/l/replace_incumbents/challengers_first/,We exist to find and lift challengers. Incumbency earns nothing by itself.,"challengers first, incumbent protection never"
l_replace_incumbents_non_citizen_powerful_forces,"Non-Citizen Powerful Forces, Domestic and Foreign",3,l,replace_incumbents,l/replace_incumbents/non_citizen_powerful_forces.mdx,/docs/l/replace_incumbents/non_citizen_powerful_forces/,The threat is any powerful force that is not the citizen.,"non-citizen powerful forces, domestic and foreign"
l_rigged_economy_overview,Removing the Rigged Economy,2,l,rigged_economy,l/rigged_economy/overview.mdx,/docs/l/rigged_economy/,"The libertarian community's own package for removing the rigged layer and getting back to an ethical, clean economy.",removing the rigged economy
l_rigged_economy_ideal_for_workers,"An Ethical, Clean Economy That Is Ideal for Workers",3,l,rigged_economy,l/rigged_economy/ideal_for_workers.mdx,/docs/l/rigged_economy/ideal_for_workers/,Removing the rigged layer is the means. The clean economy is the end.,"ethical, clean economy that is ideal for workers"
l_rigged_economy_the_libertarian_package,The Libertarian Community's Own Package,3,l,rigged_economy,l/rigged_economy/the_libertarian_package.mdx,/docs/l/rigged_economy/the_libertarian_package/,The community creates the package. We give the process and the tools.,libertarian community's own package
l_trust_scores_overview,Trust Scores,2,l,trust_scores,l/trust_scores/overview.mdx,/docs/l/trust_scores/,"Trust scores are how a citizen judges whether a candidate really works for citizens — built and voted here, at the party level.",trust scores
l_trust_scores_built_and_voted_here,"Built and Voted Here, at the Party Level",3,l,trust_scores,l/trust_scores/built_and_voted_here.mdx,/docs/l/trust_scores/built_and_voted_here/,"If you want your vote to count on a score, this is where you cast it.","built and voted here, at the party level"
l_trust_scores_the_read_only_rollup,The Read-Only Roll-Up on the Non-Partisan Site,3,l,trust_scores,l/trust_scores/the_read_only_rollup.mdx,/docs/l/trust_scores/the_read_only_rollup/,The .io stitches the party scores together. Nobody votes there.,read-only roll-up on the non-partisan site
l_us_intelligence_overview,US Intelligence Answers to US Citizens,2,l,us_intelligence,l/us_intelligence/overview.mdx,/docs/l/us_intelligence/,"US intelligence services answer to US citizens, or they are not ours.",us intelligence answers to us citizens
l_us_intelligence_no_agency_decides_an_election,No Agency Decides an Election,3,l,us_intelligence,l/us_intelligence/no_agency_decides_an_election.mdx,/docs/l/us_intelligence/no_agency_decides_an_election/,"No agency should be able to decide an election outcome, quietly or loudly.",no agency decides an election
l_us_intelligence_no_puppet_master_over_politics,No Puppet Master Over US Politics,3,l,us_intelligence,l/us_intelligence/no_puppet_master_over_politics.mdx,/docs/l/us_intelligence/no_puppet_master_over_politics/,Leverage over officeholders is how capture actually works.,no puppet master over us politics
l_verifiable_meritocracy_overview,Verifiable Meritocracy Instead of Narrative Control,2,l,verifiable_meritocracy,l/verifiable_meritocracy/overview.mdx,/docs/l/verifiable_meritocracy/,"The slot this door fills: a place a libertarian can verify that leaders are surfaced on merit and on the will of the people, not by narrative control.",verifiable meritocracy instead of narrative control
l_verifiable_meritocracy_what_we_do_differently,"What We Take Over, and What We Do Differently",3,l,verifiable_meritocracy,l/verifiable_meritocracy/what_we_do_differently.mdx,/docs/l/verifiable_meritocracy/what_we_do_differently/,"Same slot, different method, different output.","what we take over, and what we do differently"
l_verifiable_meritocracy_who_does_not_control_us,Who Does Not Fund Us and Who Does Not Control Us,3,l,verifiable_meritocracy,l/verifiable_meritocracy/who_does_not_control_us.mdx,/docs/l/verifiable_meritocracy/who_does_not_control_us/,"Independence is a claim that has to keep being earned, so we state what we do not take.",who does not fund us and who does not control us
l_voter_fraud_overview,Removing Voter Fraud for Good,2,l,voter_fraud,l/voter_fraud/overview.mdx,/docs/l/voter_fraud/,"A citizen has to be able to believe the count, and the goal is structurally impossible fraud rather than fraud merely investigated.",removing voter fraud for good
l_voter_fraud_auditable_technology,"Auditable Technology, So Nobody Has to Trust a Vendor",3,l,voter_fraud,l/voter_fraud/auditable_technology.mdx,/docs/l/voter_fraud/auditable_technology/,"Open, auditable technology is the only kind an election can be built on.","auditable technology, so nobody has to trust a vendor"
l_voter_fraud_forever_eliminated,"Forever Eliminated, Not Merely Investigated",3,l,voter_fraud,l/voter_fraud/forever_eliminated.mdx,/docs/l/voter_fraud/forever_eliminated/,"Every step from registration to certification, checkable by an ordinary citizen.","forever eliminated, not merely investigated"
l_words_we_use_overview,Words We Use and Words We Avoid,2,l,words_we_use,l/words_we_use/overview.mdx,/docs/l/words_we_use/,"Language is the whole job of this door: two audiences never share a page, and we never claim a status we do not hold.",words we use and words we avoid
l_words_we_use_words_we_avoid,Words We Avoid,3,l,words_we_use,l/words_we_use/words_we_avoid.mdx,/docs/l/words_we_use/words_we_avoid/,The phrases that never appear on this door.,words we avoid
l_words_we_use_words_we_use,Words We Use,3,l,words_we_use,l/words_we_use/words_we_use.mdx,/docs/l/words_we_use/words_we_use/,The phrases that belong on this door.,words we use
l_yearly_conference_overview,Yearly Conference on Liberty Strategy,2,l,yearly_conference,l/yearly_conference/overview.mdx,/docs/l/yearly_conference/,"The liberty movement's yearly strategy conference, where this community sets its direction together.",yearly conference on liberty strategy
l_yearly_conference_speakers_who_represent_citizens,Speakers Who Represent Citizens,3,l,yearly_conference,l/yearly_conference/speakers_who_represent_citizens.mdx,/docs/l/yearly_conference/speakers_who_represent_citizens/,The speaker list is the test.,speakers who represent citizens
r_about_us_overview,About Us for Republican Voters,2,r,about_us,r/about_us/overview.mdx,/docs/r/about_us/,"Who this door is for: voters who vote Republican and the broader political right, building their own package in their own language.",about us for republican voters
r_about_us_republican_voters_not_the_swamp,"Republican Voters, Not the DC Swamp",3,r,about_us,r/about_us/republican_voters_not_the_swamp.mdx,/docs/r/about_us/republican_voters_not_the_swamp/,"We are talking to the voter, not to the officeholder and not to the party apparatus.","republican voters, not the dc swamp"
r_about_us_why_here_not_the_io,Why You Are Here and Not on the Non-Partisan Site,3,r,about_us,r/about_us/why_here_not_the_io.mdx,/docs/r/about_us/why_here_not_the_io/,The .io is deliberately neutral and will not take your partisan issues on. Everything partisan lives here.,why you are here and not on the non-partisan site
r_board_of_directors_overview,Our Board of Directors,2,r,board_of_directors,r/board_of_directors/overview.mdx,/docs/r/board_of_directors/,"A real governance body that sits at the .com level, described accurately and never overstated.",our board of directors
r_board_of_directors_the_board_sits_at_the_com_level,The Board Sits at the .com Level,3,r,board_of_directors,r/board_of_directors/the_board_sits_at_the_com_level.mdx,/docs/r/board_of_directors/the_board_sits_at_the_com_level/,Partisan governance belongs with the partisan community.,board sits at the .com level
r_christian_ethics_overview,"Great Ethics, Like Christian Ethics",2,r,christian_ethics,r/christian_ethics/overview.mdx,/docs/r/christian_ethics/,"This door talks about great ethics and names Christian ethics — deliberately, and exclusively here.","great ethics, like christian ethics"
r_christian_ethics_only_on_this_door,Why This Is the Only Door That Carries Them,3,r,christian_ethics,r/christian_ethics/only_on_this_door.mdx,/docs/r/christian_ethics/only_on_this_door/,"One file, one domain, one audience. Two audiences never share a page.",why this is the only door that carries them
r_community_voting_overview,Community-Based Voting and Collaboration,2,r,community_voting,r/community_voting/overview.mdx,/docs/r/community_voting/,"The mechanism the whole platform runs on: positions, plans and candidate judgments come from citizens voting and working together.",community-based voting and collaboration
r_community_voting_the_community_builds_it,"The Community Builds the Package, We Do Not Hand It Down",3,r,community_voting,r/community_voting/the_community_builds_it.mdx,/docs/r/community_voting/the_community_builds_it/,"Collaboration produces the package, and the package is the product.","community builds the package, we do not hand it down"
r_community_voting_vote_your_spectrum,Voting on Where You Sit on the Spectrum,3,r,community_voting,r/community_voting/vote_your_spectrum.mdx,/docs/r/community_voting/vote_your_spectrum/,Citizens vote their own position. That position drives candidate matching.,voting on where you sit on the spectrum
r_expose_deep_state_overview,"Fully Exposing the Deep State, Global Elites and the Epstein Class",2,r,expose_deep_state,r/expose_deep_state/overview.mdx,/docs/r/expose_deep_state/,"Citizens cannot fix what they are not allowed to see, so exposure comes before reform.","fully exposing the deep state, global elites and the epstein class"
r_expose_deep_state_documented_with_sources,"Documented, With Sources a Citizen Can Check",3,r,expose_deep_state,r/expose_deep_state/documented_with_sources.mdx,/docs/r/expose_deep_state/documented_with_sources/,"A sourced, citizen-readable record instead of a rumor pile.","documented, with sources a citizen can check"
r_fix_bills_overview,Fix Bills and Laws,2,r,fix_bills,r/fix_bills/overview.mdx,/docs/r/fix_bills/,"Partisan law work happens on the .com doors, and this is where Republican voters add and prioritize the laws they care about.",fix bills and laws
r_fix_bills_add_the_laws_you_care_about,Adding the Laws This Community Cares About,3,r,fix_bills,r/fix_bills/add_the_laws_you_care_about.mdx,/docs/r/fix_bills/add_the_laws_you_care_about/,Republican voters add and shape the laws that matter to them.,adding the laws this community cares about
r_fix_bills_bills_that_matter_most,Bills That Matter Most to Republicans,3,r,fix_bills,r/fix_bills/bills_that_matter_most.mdx,/docs/r/fix_bills/bills_that_matter_most/,A concrete bill is a better test of a candidate than a general statement.,bills that matter most to republicans
r_foreign_intelligence_overview,Foreign Intelligence: No Puppet Master Over US Citizens,2,r,foreign_intelligence,r/foreign_intelligence/overview.mdx,/docs/r/foreign_intelligence/,A foreign service steering US politics is the purest form of the thing this door exists to stop.,foreign intelligence: no puppet master over us citizens
r_foreign_intelligence_a_vote_already_decided,A Vote That Was Already Decided Is Not an Election,3,r,foreign_intelligence,r/foreign_intelligence/a_vote_already_decided.mdx,/docs/r/foreign_intelligence/a_vote_already_decided/,We document the mechanism and name it in public.,vote that was already decided is not an election
r_foreign_intelligence_foreign_leverage_is_disqualifying,Foreign Leverage Is Disqualifying,3,r,foreign_intelligence,r/foreign_intelligence/foreign_leverage_is_disqualifying.mdx,/docs/r/foreign_intelligence/foreign_leverage_is_disqualifying/,Full stop. Citizens get the receipts and judge for themselves.,foreign leverage is disqualifying
r_four_doors_overview,How This Door Relates to the Other Three,2,r,four_doors,r/four_doors/overview.mdx,/docs/r/four_doors/,"Four party doors, one app: R Republicans, D Democrats, L Libertarians, S Democratic Socialists.",how this door relates to the other three
r_four_doors_one_app_four_doors,"One App, Four Doors",3,r,four_doors,r/four_doors/one_app_four_doors.mdx,/docs/r/four_doors/one_app_four_doors/,"WeCitizensR.com is edition R of the one We The Citizens app, recognized by hostname.","one app, four doors"
r_four_doors_sending_visitors_here,Sending Non-Partisan Visitors Here,3,r,four_doors,r/four_doors/sending_visitors_here.mdx,/docs/r/four_doors/sending_visitors_here/,The .io's job is to send you to the door for the party you care about.,sending non-partisan visitors here
r_meritocracy_overview,Meritocracy: Finding the Best Candidates,2,r,meritocracy,r/meritocracy/overview.mdx,/docs/r/meritocracy/,The engine underneath everything: surface the candidates most dedicated to citizens and strongest at refusing to be co-opted.,meritocracy: finding the best candidates
r_meritocracy_dedicated_to_citizens,Dedicated to Always Work for Citizens,3,r,meritocracy,r/meritocracy/dedicated_to_citizens.mdx,/docs/r/meritocracy/dedicated_to_citizens/,"The test is what happens after the election, not what was promised before it.",dedicated to always work for citizens
r_meritocracy_matching_the_spectrum,Matching Candidates to Where You Sit on the Spectrum,3,r,meritocracy,r/meritocracy/matching_the_spectrum.mdx,/docs/r/meritocracy/matching_the_spectrum/,"Republican voters are not one position, so we do not flatten them into one.",matching candidates to where you sit on the spectrum
r_meritocracy_strong_enough_to_refuse,Strong Enough to Refuse Being Co-Opted,3,r,meritocracy,r/meritocracy/strong_enough_to_refuse.mdx,/docs/r/meritocracy/strong_enough_to_refuse/,Being good is not enough if the pressure turns you.,strong enough to refuse being co-opted
r_no_forever_wars_overview,"No Needless or Forever Wars, and No Draft",2,r,no_forever_wars,r/no_forever_wars/overview.mdx,/docs/r/no_forever_wars/,"Wars that serve global elites rather than citizens are exactly what this door opposes, and citizens are not raw material for someone else's foreign policy.","no needless or forever wars, and no draft"
r_no_social_credit_overview,No China-Style Social Credit in America,2,r,no_social_credit,r/no_social_credit/overview.mdx,/docs/r/no_social_credit/,A score that decides what a citizen is allowed to do never gets built here — including the private-sector versions of it.,no china-style social credit in america
r_open_everything_overview,"Open Source, Open Data, Open AI",2,r,open_everything,r/open_everything/overview.mdx,/docs/r/open_everything/,"Nobody has to trust us, because nobody can check a black box — every layer that decides something about a candidate or a vote is open to inspection.","open source, open data, open ai"
r_open_everything_open_ai,Open AI,3,r,open_everything,r/open_everything/open_ai.mdx,/docs/r/open_everything/open_ai/,"Open models where we can, open prompts and open method always.",open ai
r_open_everything_open_data,Open Data,3,r,open_everything,r/open_everything/open_data.mdx,/docs/r/open_everything/open_data/,Citizens can re-run the numbers themselves and get the same answer.,open data
r_open_everything_open_source_code,Open Source — The Code,3,r,open_everything,r/open_everything/open_source_code.mdx,/docs/r/open_everything/open_source_code/,"The code that runs the voting, the matching and the scoring is open source.",open source — the code
r_reference_text,We The Citizens R — Reference Text,3,r,r,r/reference_text.mdx,/docs/r/reference_text/,"Long-form reference text for the Republican front door at WeCitizensR.com: your own seats, your own incumbents, and who could replace them.",we the citizens r — reference text
r_overview,We The Citizens R,door,r,r,r/overview.mdx,/docs/r/overview/,"The Republican front door at WeCitizensR.com: your own seats, your own incumbents, and who could replace them.",we the citizens r; wecitizensr.com
r_replace_incumbents_overview,Replacing Incumbents Controlled by Global Elites,2,r,replace_incumbents,r/replace_incumbents/overview.mdx,/docs/r/replace_incumbents/,The core action: get political challengers elected to replace incumbents controlled by global elites and the Deep State.,replacing incumbents controlled by global elites
r_replace_incumbents_challengers_first,"Challengers First, Incumbent Protection Never",3,r,replace_incumbents,r/replace_incumbents/challengers_first.mdx,/docs/r/replace_incumbents/challengers_first/,We exist to find and lift challengers. Incumbency earns nothing by itself.,"challengers first, incumbent protection never"
r_replace_incumbents_non_citizen_powerful_forces,"Non-Citizen Powerful Forces, Domestic and Foreign",3,r,replace_incumbents,r/replace_incumbents/non_citizen_powerful_forces.mdx,/docs/r/replace_incumbents/non_citizen_powerful_forces/,The threat is any powerful force that is not the citizen.,"non-citizen powerful forces, domestic and foreign"
r_rigged_economy_overview,Removing the Rigged Economy,2,r,rigged_economy,r/rigged_economy/overview.mdx,/docs/r/rigged_economy/,"The Republican voter's own package for removing the rigged layer and getting back to an ethical, clean economy.",removing the rigged economy
r_rigged_economy_ideal_for_workers,"An Ethical, Clean Economy That Is Ideal for Workers",3,r,rigged_economy,r/rigged_economy/ideal_for_workers.mdx,/docs/r/rigged_economy/ideal_for_workers/,Removing the rigged layer is the means. The clean economy is the end.,"ethical, clean economy that is ideal for workers"
r_rigged_economy_the_republican_package,The Republican Voter's Own Package,3,r,rigged_economy,r/rigged_economy/the_republican_package.mdx,/docs/r/rigged_economy/the_republican_package/,The community creates the package. We give the process and the tools.,republican voter's own package
r_tpusa_replacement_overview,A Replacement for TPUSA,2,r,tpusa_replacement,r/tpusa_replacement/overview.mdx,/docs/r/tpusa_replacement/,We say plainly that we are working to be a replacement for TPUSA — a claim that exists only on this door.,replacement for tpusa
r_tpusa_replacement_what_we_do_differently,"What We Take Over, and What We Do Differently",3,r,tpusa_replacement,r/tpusa_replacement/what_we_do_differently.mdx,/docs/r/tpusa_replacement/what_we_do_differently/,"Same slot, different method, different output.","what we take over, and what we do differently"
r_tpusa_replacement_who_does_not_control_us,Who Does Not Fund Us and Who Does Not Control Us,3,r,tpusa_replacement,r/tpusa_replacement/who_does_not_control_us.mdx,/docs/r/tpusa_replacement/who_does_not_control_us/,"Independence is a claim that has to keep being earned, so we state what we do not take.",who does not fund us and who does not control us
r_trust_scores_overview,Trust Scores,2,r,trust_scores,r/trust_scores/overview.mdx,/docs/r/trust_scores/,"Trust scores are how a citizen judges whether a candidate really works for citizens — built and voted here, at the party level.",trust scores
r_trust_scores_built_and_voted_here,"Built and Voted Here, at the Party Level",3,r,trust_scores,r/trust_scores/built_and_voted_here.mdx,/docs/r/trust_scores/built_and_voted_here/,"If you want your vote to count on a score, this is where you cast it.","built and voted here, at the party level"
r_trust_scores_the_read_only_rollup,The Read-Only Roll-Up on the Non-Partisan Site,3,r,trust_scores,r/trust_scores/the_read_only_rollup.mdx,/docs/r/trust_scores/the_read_only_rollup/,The .io stitches the party scores together. Nobody votes there.,read-only roll-up on the non-partisan site
r_us_intelligence_overview,US Intelligence Answers to US Citizens,2,r,us_intelligence,r/us_intelligence/overview.mdx,/docs/r/us_intelligence/,"US intelligence services answer to US citizens, or they are not ours.",us intelligence answers to us citizens
r_us_intelligence_no_agency_decides_an_election,No Agency Decides an Election,3,r,us_intelligence,r/us_intelligence/no_agency_decides_an_election.mdx,/docs/r/us_intelligence/no_agency_decides_an_election/,"No agency should be able to decide an election outcome, quietly or loudly.",no agency decides an election
r_us_intelligence_no_puppet_master_over_politics,No Puppet Master Over US Politics,3,r,us_intelligence,r/us_intelligence/no_puppet_master_over_politics.mdx,/docs/r/us_intelligence/no_puppet_master_over_politics/,Leverage over officeholders is how capture actually works.,no puppet master over us politics
r_voter_fraud_overview,Removing Voter Fraud for Good,2,r,voter_fraud,r/voter_fraud/overview.mdx,/docs/r/voter_fraud/,"A citizen has to be able to believe the count, and the goal is structurally impossible fraud rather than fraud merely investigated.",removing voter fraud for good
r_voter_fraud_auditable_technology,"Auditable Technology, So Nobody Has to Trust a Vendor",3,r,voter_fraud,r/voter_fraud/auditable_technology.mdx,/docs/r/voter_fraud/auditable_technology/,"Open, auditable technology is the only kind an election can be built on.","auditable technology, so nobody has to trust a vendor"
r_voter_fraud_forever_eliminated,"Forever Eliminated, Not Merely Investigated",3,r,voter_fraud,r/voter_fraud/forever_eliminated.mdx,/docs/r/voter_fraud/forever_eliminated/,"Every step from registration to certification, checkable by an ordinary citizen.","forever eliminated, not merely investigated"
r_words_we_use_overview,Words We Use and Words We Avoid,2,r,words_we_use,r/words_we_use/overview.mdx,/docs/r/words_we_use/,"Language is the whole job of this door: two audiences never share a page, and we never claim a status we do not hold.",words we use and words we avoid
r_words_we_use_words_we_avoid,Words We Avoid,3,r,words_we_use,r/words_we_use/words_we_avoid.mdx,/docs/r/words_we_use/words_we_avoid/,The phrases that never appear on this door.,words we avoid
r_words_we_use_words_we_use,Words We Use,3,r,words_we_use,r/words_we_use/words_we_use.mdx,/docs/r/words_we_use/words_we_use/,The phrases that belong on this door.,words we use
r_yearly_conference_overview,Yearly Conference on Political Right Strategy,2,r,yearly_conference,r/yearly_conference/overview.mdx,/docs/r/yearly_conference/,"The right's yearly strategy conference, standing in the slot AmFest holds today, where this community sets its direction together.",yearly conference on political right strategy
r_yearly_conference_replaces_amfest,Replaces AmFest,3,r,yearly_conference,r/yearly_conference/replaces_amfest.mdx,/docs/r/yearly_conference/replaces_amfest/,The speaker list is the test.,replaces amfest
s_abortion_rights_overview,"Abortion Rights, and Why the Codification Never Comes",2,s,abortion_rights,s/abortion_rights/overview.mdx,/docs/s/abortion_rights/,The votes arrive and the promised codification never happens — because incumbents need the issue unresolved more than they need it fixed.,"abortion rights, and why the codification never comes"
s_abortion_rights_abortion_rights,"Abortion Rights, Codified",3,s,abortion_rights,s/abortion_rights/abortion_rights.mdx,/docs/s/abortion_rights/abortion_rights/,"Codified, not left to be re-litigated every cycle.","abortion rights, codified"
s_abortion_rights_fixing_money_in_politics,Money in Politics Is the Mechanism Underneath,3,s,abortion_rights,s/abortion_rights/fixing_money_in_politics.mdx,/docs/s/abortion_rights/fixing_money_in_politics/,Citizens United is the specific fight.,money in politics is the mechanism underneath
s_abortion_rights_fixing_the_rigged_economy,The Same Swamp Keeps the Economy Rigged,3,s,abortion_rights,s/abortion_rights/fixing_the_rigged_economy.mdx,/docs/s/abortion_rights/fixing_the_rigged_economy/,"One captured layer, two symptoms.",same swamp keeps the economy rigged
s_about_us_overview,Who This Door Is For,2,s,about_us,s/about_us/overview.mdx,/docs/s/about_us/,"Who this door is for: democratic socialists, building their own package in their own language.",who this door is for
s_about_us_democratic_socialists_not_the_establishment,"Democratic Socialists, Not the Establishment",3,s,about_us,s/about_us/democratic_socialists_not_the_establishment.mdx,/docs/s/about_us/democratic_socialists_not_the_establishment/,"We are talking to the voter, not to the officeholder and not to the party apparatus.","democratic socialists, not the establishment"
s_about_us_why_here_not_the_io,Why You Are Here and Not on the Non-Partisan Site,3,s,about_us,s/about_us/why_here_not_the_io.mdx,/docs/s/about_us/why_here_not_the_io/,The .io is deliberately neutral and will not take your partisan issues on. Everything partisan lives here.,why you are here and not on the non-partisan site
s_ai_era_economy_overview,An Economy Ideal for Workers in the Era of AI,2,s,ai_era_economy,s/ai_era_economy/overview.mdx,/docs/s/ai_era_economy/,"AI is changing what work is, and this community wants an answer before the disruption lands rather than after.",economy ideal for workers in the era of ai
s_board_of_directors_overview,Our Board of Directors,2,s,board_of_directors,s/board_of_directors/overview.mdx,/docs/s/board_of_directors/,"A real governance body that sits at the .com level, described accurately and never overstated.",our board of directors
s_board_of_directors_the_board_sits_at_the_com_level,The Board Sits at the .com Level,3,s,board_of_directors,s/board_of_directors/the_board_sits_at_the_com_level.mdx,/docs/s/board_of_directors/the_board_sits_at_the_com_level/,Partisan governance belongs with the partisan community.,board sits at the .com level
s_community_voting_overview,Community-Based Voting and Collaboration,2,s,community_voting,s/community_voting/overview.mdx,/docs/s/community_voting/,"The mechanism the whole platform runs on: positions, plans and candidate judgments come from citizens voting and working together.",community-based voting and collaboration
s_community_voting_the_community_builds_it,"The Community Builds the Package, We Do Not Hand It Down",3,s,community_voting,s/community_voting/the_community_builds_it.mdx,/docs/s/community_voting/the_community_builds_it/,"Collaboration produces the package, and the package is the product.","community builds the package, we do not hand it down"
s_community_voting_vote_your_spectrum,Voting on Where You Sit on the Spectrum,3,s,community_voting,s/community_voting/vote_your_spectrum.mdx,/docs/s/community_voting/vote_your_spectrum/,Citizens vote their own position. That position drives candidate matching.,voting on where you sit on the spectrum
s_economics_for_workers_overview,Economics That Work for Workers,2,s,economics_for_workers,s/economics_for_workers/overview.mdx,/docs/s/economics_for_workers/,"Economics is the center of this door, and every plank gets the same test: does it work for the worker.",economics that work for workers
s_fix_bills_overview,Partisan Laws and Bills,2,s,fix_bills,s/fix_bills/overview.mdx,/docs/s/fix_bills/,"Partisan law work happens on the .com doors, and this is where democratic socialists add and prioritize the laws they care about.",partisan laws and bills
s_fix_bills_add_the_laws_you_care_about,Adding the Laws This Community Cares About,3,s,fix_bills,s/fix_bills/add_the_laws_you_care_about.mdx,/docs/s/fix_bills/add_the_laws_you_care_about/,Democratic socialists add and shape the laws that matter to them.,adding the laws this community cares about
s_fix_bills_bills_that_matter_most,Bills That Matter Most to Democratic Socialists,3,s,fix_bills,s/fix_bills/bills_that_matter_most.mdx,/docs/s/fix_bills/bills_that_matter_most/,A concrete bill is a better test of a candidate than a general statement.,bills that matter most to democratic socialists
s_four_doors_overview,How This Door Relates to the Other Three,2,s,four_doors,s/four_doors/overview.mdx,/docs/s/four_doors/,"Four party doors, one app: R Republicans, D Democrats, L Libertarians, S Democratic Socialists.",how this door relates to the other three
s_four_doors_one_app_four_doors,"One App, Four Doors",3,s,four_doors,s/four_doors/one_app_four_doors.mdx,/docs/s/four_doors/one_app_four_doors/,"WeCitizensSocialism.com is edition S of the one We The Citizens app, recognized by hostname.","one app, four doors"
s_four_doors_sending_visitors_here,Sending Non-Partisan Visitors Here,3,s,four_doors,s/four_doors/sending_visitors_here.mdx,/docs/s/four_doors/sending_visitors_here/,The .io's job is to send you to the door for the party you care about.,sending non-partisan visitors here
s_meritocracy_overview,Meritocracy on This Community's Own Basis,2,s,meritocracy,s/meritocracy/overview.mdx,/docs/s/meritocracy/,"The engine underneath everything, run on the basis this community chooses for itself: the candidates most dedicated to citizens and strongest at refusing to be co-opted.",meritocracy on this community's own basis
s_meritocracy_dedicated_to_citizens,Dedicated to Always Work for Citizens,3,s,meritocracy,s/meritocracy/dedicated_to_citizens.mdx,/docs/s/meritocracy/dedicated_to_citizens/,"The test is what happens after the election, not what was promised before it.",dedicated to always work for citizens
s_meritocracy_matching_the_spectrum,Matching Candidates to Where You Sit on the Spectrum,3,s,meritocracy,s/meritocracy/matching_the_spectrum.mdx,/docs/s/meritocracy/matching_the_spectrum/,"Democratic socialists are not one position, so we do not flatten them into one.",matching candidates to where you sit on the spectrum
s_meritocracy_open_source_open_data_open_ai,"Open Data, Open Source, Open AI",3,s,meritocracy,s/meritocracy/open_source_open_data_open_ai.mdx,/docs/s/meritocracy/open_source_open_data_open_ai/,This is what makes the meritocracy claim verifiable instead of just asserted.,"open data, open source, open ai"
s_meritocracy_strong_enough_to_refuse,Strong Enough to Refuse Being Co-Opted,3,s,meritocracy,s/meritocracy/strong_enough_to_refuse.mdx,/docs/s/meritocracy/strong_enough_to_refuse/,Being good is not enough if the pressure turns you.,strong enough to refuse being co-opted
s_new_colonialism_overview,New Colonialism: Foreign Interests Controlling US Politicians,2,s,new_colonialism,s/new_colonialism/overview.mdx,/docs/s/new_colonialism/,A new layer of colonialism gets added every year when foreign money buys influence over US politicians and US citizens pay for it.,new colonialism: foreign interests controlling us politicians
s_new_colonialism_challengers_who_will_remove_the_layers,Challengers Who Will Remove the Layers,3,s,new_colonialism,s/new_colonialism/challengers_who_will_remove_the_layers.mdx,/docs/s/new_colonialism/challengers_who_will_remove_the_layers/,"Every year the layer gets thicker, because the incumbents who benefit will not remove it.",challengers who will remove the layers
s_non_partisan_site_overview,What Stays Up at the Non-Partisan Site,2,s,non_partisan_site,s/non_partisan_site/overview.mdx,/docs/s/non_partisan_site/,"Some things deliberately do not move down to this door, and this page points at the .io instead of quietly duplicating them.",what stays up at the non-partisan site
s_non_partisan_site_no_religion_on_this_door,"No Religion Up There, and None on This Door",3,s,non_partisan_site,s/non_partisan_site/no_religion_on_this_door.mdx,/docs/s/non_partisan_site/no_religion_on_this_door/,That language is exclusive to the Republican door.,"no religion up there, and none on this door"
s_non_partisan_site_the_neutral_lobby,The Neutral Lobby and the One High-Level Plan,3,s,non_partisan_site,s/non_partisan_site/the_neutral_lobby.mdx,/docs/s/non_partisan_site/the_neutral_lobby/,The .io has exactly one top-level plan.,neutral lobby and the one high-level plan
s_non_partisan_site_the_read_only_rollup,The Read-Only Trust-Score Roll-Up,3,s,non_partisan_site,s/non_partisan_site/the_read_only_rollup.mdx,/docs/s/non_partisan_site/the_read_only_rollup/,"The combined, cross-party trust view lives up on the .io.",read-only trust-score roll-up
s_replace_incumbents_overview,Replacing Incumbents Controlled by Special Interests and Money in Politics,2,s,replace_incumbents,s/replace_incumbents/overview.mdx,/docs/s/replace_incumbents/,The core action: elect challengers to replace incumbents who answer to special interests and concentrated money instead of to the people who elected them.,replacing incumbents controlled by special interests and money in politics
s_replace_incumbents_challengers_who_cannot_be_bought,Challengers Who Cannot Be Bought,3,s,replace_incumbents,s/replace_incumbents/challengers_who_cannot_be_bought.mdx,/docs/s/replace_incumbents/challengers_who_cannot_be_bought/,An incumbent serving foreign interests over the citizen base is disqualified by that fact.,challengers who cannot be bought
s_replace_incumbents_fixing_citizens_united,Citizens United Gets Fixed by This System,3,s,replace_incumbents,s/replace_incumbents/fixing_citizens_united.mdx,/docs/s/replace_incumbents/fixing_citizens_united/,Unlimited outside money only works if it buys officeholders.,citizens united gets fixed by this system
s_replace_incumbents_when_votes_track_donors,When the Votes Track the Donors,3,s,replace_incumbents,s/replace_incumbents/when_votes_track_donors.mdx,/docs/s/replace_incumbents/when_votes_track_donors/,The trigger is the voting record.,when the votes track the donors
s_rigged_economy_overview,Removing the Rigged Economy,2,s,rigged_economy,s/rigged_economy/overview.mdx,/docs/s/rigged_economy/,"The Democratic Socialist community's own package for removing the rigged layer and getting back to an ethical, clean economy.",removing the rigged economy
s_rigged_economy_ideal_for_workers,"An Ethical, Clean Economy That Is Ideal for Workers",3,s,rigged_economy,s/rigged_economy/ideal_for_workers.mdx,/docs/s/rigged_economy/ideal_for_workers/,Removing the rigged layer is the means. The clean economy is the end.,"ethical, clean economy that is ideal for workers"
s_rigged_economy_the_democratic_socialist_package,The Democratic Socialist Community Own Package,3,s,rigged_economy,s/rigged_economy/the_democratic_socialist_package.mdx,/docs/s/rigged_economy/the_democratic_socialist_package/,The community creates the package. We give the process and the tools.,democratic socialist community own package
s_reference_text,We The Citizens S — Reference Text,3,s,s,s/reference_text.mdx,/docs/s/reference_text/,"Long-form reference text for the Democratic Socialist front door at WeCitizensSocialism.com: your own seats, your own incumbents, and who could replace them.",we the citizens s — reference text
s_overview,We The Citizens S,door,s,s,s/overview.mdx,/docs/s/overview/,"The Democratic Socialist front door at WeCitizensSocialism.com: your own seats, your own incumbents, and who could replace them.",we the citizens s; wecitizenssocialism.com
s_trust_scores_overview,Trust Scores,2,s,trust_scores,s/trust_scores/overview.mdx,/docs/s/trust_scores/,"Trust scores are how a citizen judges whether a candidate really works for citizens — built and voted here, at the party level.",trust scores
s_trust_scores_built_and_voted_here,"Built and Voted Here, at the Party Level",3,s,trust_scores,s/trust_scores/built_and_voted_here.mdx,/docs/s/trust_scores/built_and_voted_here/,"If you want your vote to count on a score, this is where you cast it.","built and voted here, at the party level"
s_trust_scores_the_read_only_rollup,The Read-Only Roll-Up on the Non-Partisan Site,3,s,trust_scores,s/trust_scores/the_read_only_rollup.mdx,/docs/s/trust_scores/the_read_only_rollup/,The .io stitches the party scores together. Nobody votes there.,read-only roll-up on the non-partisan site
s_words_we_use_overview,Words We Use and Words We Avoid,2,s,words_we_use,s/words_we_use/overview.mdx,/docs/s/words_we_use/,"Language is the whole job of this door: two audiences never share a page, and we never claim a status we do not hold.",words we use and words we avoid
s_words_we_use_words_we_avoid,Words We Avoid,3,s,words_we_use,s/words_we_use/words_we_avoid.mdx,/docs/s/words_we_use/words_we_avoid/,The phrases that never appear on this door.,words we avoid
s_words_we_use_words_we_use,Words We Use,3,s,words_we_use,s/words_we_use/words_we_use.mdx,/docs/s/words_we_use/words_we_use/,The phrases that belong on this door.,words we use
s_yearly_conference_overview,The Yearly Strategic Conference,2,s,yearly_conference,s/yearly_conference/overview.mdx,/docs/s/yearly_conference/,"A yearly strategic conference for this community, where its direction gets set together.",yearly strategic conference
s_yearly_conference_a_com_level_event,"A .com-Level Event, Not a Non-Partisan One",3,s,yearly_conference,s/yearly_conference/a_com_level_event.mdx,/docs/s/yearly_conference/a_com_level_event/,The conference is not held at the non-partisan level.,".com-level event, not a non-partisan one"
